alpha,background_det_term,baseline,det_term,detection_term,epoch,family,gamma,grad_norm_before_clip,lambda_rec,lr,magmse_term,pos_weight,split_definition_train,stage,step,target_det_term,temperature,train_loss,val_background_det_term,val_det_term,val_detection_term,val_loss,val_magmse_term,val_target_det_term,weak_weight
,0.08991044014692307,balanced_mild_seed0,0.7764540314674377,,,balanced,,4.24134635925293,0.5,0.0003,13.558204650878906,1.185188030373864,,tiny_batch,1,3.2449328899383545,1.0,7.555556297302246,,,,,,,
,0.06950078904628754,balanced_mild_seed0,0.7560538649559021,,,balanced,,3.669335126876831,0.5,0.0003,5.53096866607666,1.185188030373864,,tiny_batch,10,3.295445680618286,1.0,3.521538257598877,,,,,,,
,0.04723670333623886,balanced_mild_seed0,0.6167212128639221,,,balanced,,7.730072498321533,0.5,0.0003,7.763593673706055,1.185188030373864,,tiny_batch,20,3.2696306705474854,1.0,4.498517990112305,,,,,,,
,0.05306395888328552,balanced_mild_seed0,0.7901555299758911,,,balanced,,5.656569480895996,0.5,0.0003,2.6952643394470215,1.185188030373864,,tiny_batch,30,3.231520414352417,1.0,2.1377878189086914,,,,,,,
,0.05032694712281227,balanced_mild_seed0,0.7607679963111877,,,balanced,,4.545888423919678,0.5,0.0003,2.230111598968506,1.185188030373864,,tiny_batch,40,3.335606098175049,1.0,1.875823736190796,,,,,,,
,0.0474255308508873,balanced_mild_seed0,0.739449679851532,,,balanced,,5.3244853019714355,0.5,0.0003,1.8342177867889404,1.185188030373864,,tiny_batch,50,3.107107400894165,1.0,1.6565585136413574,,,,,,,
,0.06440065801143646,balanced_mild_seed0,0.8555977940559387,,,balanced,,6.602728366851807,0.5,0.0003,1.8429484367370605,1.185188030373864,,tiny_batch,60,3.1888551712036133,1.0,1.7770719528198242,,,,,,,
,0.04781991243362427,balanced_mild_seed0,0.8078190684318542,,,balanced,,6.249999046325684,0.5,0.0003,1.548393726348877,1.185188030373864,,tiny_batch,70,3.1163110733032227,1.0,1.5820159912109375,,,,,,,
,0.05182496830821037,balanced_mild_seed0,0.9082086682319641,,,balanced,,5.414562225341797,0.5,0.0003,0.9637899398803711,1.185188030373864,,tiny_batch,80,3.153343439102173,1.0,1.3901035785675049,,,,,,,
,0.05089259892702103,balanced_mild_seed0,0.6434252262115479,,,balanced,,3.507751703262329,0.5,0.0003,0.915265679359436,1.185188030373864,,tiny_batch,90,3.130180597305298,1.0,1.101058006286621,,,,,,,
,0.04722849279642105,balanced_mild_seed0,0.7179126143455505,,,balanced,,4.142765998840332,0.5,0.0003,1.6582739353179932,1.185188030373864,,tiny_batch,100,3.1986093521118164,1.0,1.5470495223999023,,,,,,,
,0.04951071739196777,balanced_mild_seed0,0.7484598159790039,,,balanced,,1.6253970861434937,0.5,0.0003,0.659022331237793,1.185188030373864,,tiny_batch,110,3.0757007598876953,1.0,1.0779709815979004,,,,,,,
,0.05393718183040619,balanced_mild_seed0,0.8290225267410278,,,balanced,,3.90968918800354,0.5,0.0003,1.045852780342102,1.185188030373864,,tiny_batch,120,3.202958106994629,1.0,1.3519489765167236,,,,,,,
,0.04964423030614853,balanced_mild_seed0,1.4690517167250314,,1,balanced,,2.292579661011696,0.5,0.0003,0.6847840525706609,1.185188030373864,,small_subset,,3.1537126366297406,1.0,1.8114437409241995,0.05522202327847481,0.7565728425979614,,0.983360767364502,0.45357581973075867,3.025080442428589,
,0.04861817429463069,balanced_mild_seed0,1.4657064962387085,,2,balanced,,2.032639771302541,0.5,0.0003,0.5526838008562723,1.185188030373864,,small_subset,,3.1485673252741497,1.0,1.7420483938852946,0.0548335500061512,0.7561203837394714,,0.9493461847305298,0.3864515423774719,3.024420738220215,
,0.047440253992875416,balanced_mild_seed0,1.4649910700321198,,3,balanced,,1.8409069140752157,0.5,0.0003,0.41816804513335226,1.185188030373864,,small_subset,,3.1467905759811403,1.0,1.6740750912825266,0.05471789091825485,0.755706250667572,,0.8835102915763855,0.25560808181762695,3.023041248321533,
,0.046524349873264634,balanced_mild_seed0,1.4642624362309773,,4,balanced,,1.5978469091653824,0.5,0.0003,0.2834225247303645,1.185188030373864,,small_subset,,3.1452802356084186,1.0,1.6059736931324005,0.053660012781620026,0.7551698088645935,,0.8505598306655884,0.19078008830547333,3.024191379547119,
,0.04638427242636681,balanced_mild_seed0,1.463492870728175,,5,balanced,,1.48226180434227,0.5,0.0003,0.24886492709318797,1.185188030373864,,small_subset,,3.1448480081558228,1.0,1.5879253347714741,0.05460601672530174,0.7557567954063416,,0.8451584577560425,0.17880336940288544,3.0236170291900635,
,0.04629198648035526,balanced_mild_seed0,1.4624791252613067,,6,balanced,,1.3981484788656235,0.5,0.0003,0.2275765206416448,1.185188030373864,,small_subset,,3.1435621722539264,1.0,1.576267387866974,0.054087523370981216,0.7551944851875305,,0.8374321460723877,0.16447530686855316,3.0229129791259766,
,0.04611999469498793,balanced_mild_seed0,1.4630813912550609,,7,balanced,,1.325421906709671,0.5,0.0003,0.20678007433811824,1.185188030373864,,small_subset,,3.145150680541992,1.0,1.5664714288711548,0.05375104770064354,0.754875123500824,,0.8269079327583313,0.14406563341617584,3.022649049758911,
,0.04597855351865292,balanced_mild_seed0,1.463265402317047,,8,balanced,,1.300090694030126,0.5,0.0003,0.18728666509191194,1.185188030373864,,small_subset,,3.1453668721516927,1.0,1.5569087326526643,0.05410325527191162,0.7552688717842102,,0.8196868300437927,0.12883594632148743,3.023177146911621,
,0.04112735018134117,weak_peak_w2p0_seed0,,0.627171516418457,,,,2.0895168781280518,0.5,0.0003,5.225832939147949,,clean_peak_percentile,tiny_batch,1,3.212660074234009,1.0,3.2400879859924316,,,,,,,2.0
,0.05175311490893364,weak_peak_w2p0_seed0,,0.7228744029998779,,,,2.062751531600952,0.5,0.0003,3.175194025039673,,clean_peak_percentile,tiny_batch,10,3.1590447425842285,1.0,2.310471534729004,,,,,,,2.0
,0.08180993050336838,weak_peak_w2p0_seed0,,0.70709228515625,,,,4.615316867828369,0.5,0.0003,4.296347618103027,,clean_peak_percentile,tiny_batch,20,3.1947743892669678,1.0,2.8552660942077637,,,,,,,2.0
,0.05294419080018997,weak_peak_w2p0_seed0,,0.6330068111419678,,,,10.385700225830078,0.5,0.0003,4.56765079498291,,clean_peak_percentile,tiny_batch,30,3.229477643966675,1.0,2.916832208633423,,,,,,,2.0
,0.04885387420654297,weak_peak_w2p0_seed0,,0.6071671843528748,,,,4.175751209259033,0.5,0.0003,1.9845926761627197,,clean_peak_percentile,tiny_batch,40,3.143120288848877,1.0,1.5994634628295898,,,,,,,2.0
,0.05355542153120041,weak_peak_w2p0_seed0,,0.7290536165237427,,,,4.135765552520752,0.5,0.0003,1.685701847076416,,clean_peak_percentile,tiny_batch,50,3.1197876930236816,1.0,1.5719045400619507,,,,,,,2.0
,0.04673071950674057,weak_peak_w2p0_seed0,,0.6531763672828674,,,,3.801525831222534,0.5,0.0003,1.6089482307434082,,clean_peak_percentile,tiny_batch,60,3.1122803688049316,1.0,1.4576504230499268,,,,,,,2.0
,0.058813802897930145,weak_peak_w2p0_seed0,,0.8058211803436279,,,,2.6237471103668213,0.5,0.0003,1.3170956373214722,,clean_peak_percentile,tiny_batch,70,3.203035593032837,1.0,1.4643690586090088,,,,,,,2.0
,0.04717320576310158,weak_peak_w2p0_seed0,,0.5527764558792114,,,,4.868518829345703,0.5,0.0003,0.9204504489898682,,clean_peak_percentile,tiny_batch,80,3.067660331726074,1.0,1.0130016803741455,,,,,,,2.0
,0.04855908453464508,weak_peak_w2p0_seed0,,0.7394614815711975,,,,2.1836097240448,0.5,0.0003,0.5805248022079468,,clean_peak_percentile,tiny_batch,90,3.247437000274658,1.0,1.029723882675171,,,,,,,2.0
,0.05111930891871452,weak_peak_w2p0_seed0,,0.7154180407524109,,,,1.946743369102478,0.5,0.0003,0.5980715155601501,,clean_peak_percentile,tiny_batch,100,3.1377601623535156,1.0,1.0144537687301636,,,,,,,2.0
,0.05314525589346886,weak_peak_w2p0_seed0,,0.7831631898880005,,,,3.0361642837524414,0.5,0.0003,0.5173274278640747,,clean_peak_percentile,tiny_batch,110,3.2418081760406494,1.0,1.0418269634246826,,,,,,,2.0
,0.05282130837440491,weak_peak_w2p0_seed0,,0.813282310962677,,,,2.7675790786743164,0.5,0.0003,0.27431124448776245,,clean_peak_percentile,tiny_batch,120,3.1213483810424805,1.0,0.9504379034042358,,,,,,,2.0
,0.04986936902006467,weak_peak_w2p0_seed0,,1.550135580698649,1,,,2.26294663866361,0.5,0.0003,0.6738728069265684,,clean_peak_percentile,small_subset,,3.1527708927790323,1.0,1.887071980635325,0.05588488280773163,,0.9765722155570984,1.2039703130722046,0.45479616522789,3.0236175060272217,2.0
,0.04843700687090556,weak_peak_w2p0_seed0,,1.5464663771788278,2,,,1.9692808800935746,0.5,0.0003,0.5198697927594185,,clean_peak_percentile,small_subset,,3.150349399248759,1.0,1.8064012734095256,0.054624833166599274,,0.9757109880447388,1.1472563743591309,0.3430907130241394,3.023820400238037,2.0
,0.0470389898866415,weak_peak_w2p0_seed0,,1.545788075129191,3,,,1.7323370351394018,0.5,0.0003,0.34601479411125186,,clean_peak_percentile,small_subset,,3.1436588525772096,1.0,1.7187954672177632,0.05379989370703697,,0.974961519241333,1.0814521312713623,0.21298132836818695,3.0230698585510254,2.0
,0.046508018399278324,weak_peak_w2p0_seed0,,1.544906344016393,4,,,1.5059539143244425,0.5,0.0003,0.266692099571228,,clean_peak_percentile,small_subset,,3.146945907274882,1.0,1.6782523846626283,0.053110651671886444,,0.9742329120635986,1.0673820972442627,0.18629847466945648,3.0224287509918213,2.0
,0.04635534144937992,weak_peak_w2p0_seed0,,1.5462090877691905,5,,,1.4051210077603657,0.5,0.0003,0.23895728593071303,,clean_peak_percentile,small_subset,,3.1464948558807375,1.0,1.6656877326965331,0.054948125034570694,,0.975572407245636,1.064826488494873,0.1785082370042801,3.0228123664855957,2.0
,0.04631602165599664,weak_peak_w2p0_seed0,,1.5445547020435333,6,,,1.3517324052254358,0.5,0.0003,0.2200798158844312,,clean_peak_percentile,small_subset,,3.1437326033910113,1.0,1.6545946089426677,0.05467148870229721,,0.9753015041351318,1.053601861000061,0.15660062432289124,3.022580862045288,2.0
,0.04603926536937555,weak_peak_w2p0_seed0,,1.542673371632894,7,,,1.2116739708185196,0.5,0.0003,0.19369693840543428,,clean_peak_percentile,small_subset,,3.1467730077107747,1.0,1.639521833260854,0.05374563857913017,,0.9745610356330872,1.045453667640686,0.1417851746082306,3.0221123695373535,2.0
,0.04594752067079147,weak_peak_w2p0_seed0,,1.545160915851593,8,,,1.185292952656746,0.5,0.0003,0.1717902461687724,,clean_peak_percentile,small_subset,,3.1462580744425455,1.0,1.631056044101715,0.054995447397232056,,0.975584864616394,1.0382792949676514,0.12538883090019226,3.0227160453796387,2.0
,0.0517902635037899,balanced_mild_seed1,0.6570436954498291,,,balanced,,3.0742363929748535,0.5,0.0003,11.631820678710938,1.185188030373864,,tiny_batch,1,3.1580731868743896,1.0,6.472953796386719,,,,,,,
,0.09447315335273743,balanced_mild_seed1,0.8721804618835449,,,balanced,,2.008527994155884,0.5,0.0003,3.649336576461792,1.185188030373864,,tiny_batch,10,3.2240655422210693,1.0,2.6968488693237305,,,,,,,
,0.045736927539110184,balanced_mild_seed1,0.686842143535614,,,balanced,,3.256182909011841,0.5,0.0003,3.4084184169769287,1.185188030373864,,tiny_batch,20,3.1804027557373047,1.0,2.3910512924194336,,,,,,,
,0.06708501279354095,balanced_mild_seed1,0.7821908593177795,,,balanced,,4.05120849609375,0.5,0.0003,2.118938446044922,1.185188030373864,,tiny_batch,30,3.01096248626709,1.0,1.8416600227355957,,,,,,,
,0.05519584193825722,balanced_mild_seed1,0.8119555711746216,,,balanced,,4.818462371826172,0.5,0.0003,2.5628795623779297,1.185188030373864,,tiny_batch,40,3.1402759552001953,1.0,2.093395233154297,,,,,,,
,0.051418233662843704,balanced_mild_seed1,0.8095992207527161,,,balanced,,4.302184581756592,0.5,0.0003,1.6559994220733643,1.185188030373864,,tiny_batch,50,3.2751617431640625,1.0,1.637598991394043,,,,,,,
,0.046167559921741486,balanced_mild_seed1,0.7104543447494507,,,balanced,,4.2612481117248535,0.5,0.0003,1.4510166645050049,1.185188030373864,,tiny_batch,60,3.183206796646118,1.0,1.4359626770019531,,,,,,,
,0.047278426587581635,balanced_mild_seed1,0.6908342242240906,,,balanced,,7.361753463745117,0.5,0.0003,1.8094176054000854,1.185188030373864,,tiny_batch,70,3.1572265625,1.0,1.5955430269241333,,,,,,,
,0.050749409943819046,balanced_mild_seed1,0.7501376271247864,,,balanced,,2.172708034515381,0.5,0.0003,0.9350520968437195,1.185188030373864,,tiny_batch,80,3.078840970993042,1.0,1.2176636457443237,,,,,,,
,0.051856860518455505,balanced_mild_seed1,0.7869126796722412,,,balanced,,2.7374634742736816,0.5,0.0003,0.9366559982299805,1.185188030373864,,tiny_batch,90,3.0778627395629883,1.0,1.2552406787872314,,,,,,,
,0.04720856249332428,balanced_mild_seed1,0.6375914216041565,,,balanced,,2.2727484703063965,0.5,0.0003,0.6728079319000244,1.185188030373864,,tiny_batch,100,3.0771725177764893,1.0,0.9739953875541687,,,,,,,
,0.04189428687095642,balanced_mild_seed1,0.7310118079185486,,,balanced,,3.501100778579712,0.5,0.0003,0.9978198409080505,1.185188030373864,,tiny_batch,110,3.0567779541015625,1.0,1.2299216985702515,,,,,,,
,0.049965500831604004,balanced_mild_seed1,0.6905742883682251,,,balanced,,2.424159288406372,0.5,0.0003,0.6823660731315613,1.185188030373864,,tiny_batch,120,3.1100103855133057,1.0,1.0317573547363281,,,,,,,
,0.04981906644999981,balanced_mild_seed1,1.4695908971627554,,1,balanced,,2.2057358328501384,0.5,0.0003,0.6636874172091484,1.185188030373864,,small_subset,,3.153092013994853,1.0,1.8014346063137054,0.05489257723093033,0.7561182379722595,,0.9747366905212402,0.43723684549331665,3.0242204666137695,
,0.04800858167310556,balanced_mild_seed1,1.4641185148557028,,2,balanced,,1.9620292415221532,0.5,0.0003,0.5103090877334276,1.185188030373864,,small_subset,,3.1458060630162556,1.0,1.7192730585734048,0.054345015436410904,0.7558228969573975,,0.9346945881843567,0.35774338245391846,3.0247411727905273,
,0.046970350195964176,balanced_mild_seed1,1.4641089793046316,,3,balanced,,1.6642341272036234,0.5,0.0003,0.32900868450601894,1.185188030373864,,small_subset,,3.1470231580734254,1.0,1.6286133178075155,0.054924387484788895,0.755893349647522,,0.8542056679725647,0.19662468135356903,3.023165464401245,
,0.046217819899320604,balanced_mild_seed1,1.4624977231025695,,4,balanced,,1.4337888224919637,0.5,0.0003,0.25217744943996273,1.185188030373864,,small_subset,,3.1435687796274823,1.0,1.5885864488283794,0.05431223288178444,0.7553576231002808,,0.8458112478256226,0.18090729415416718,3.0228772163391113,
,0.04625081345438957,balanced_mild_seed1,1.462426544825236,,5,balanced,,1.4135842355092367,0.5,0.0003,0.23159320006767908,1.185188030373864,,small_subset,,3.142818104426066,1.0,1.5782231426239013,0.054209817200899124,0.7553791999816895,,0.8394631147384644,0.1681678742170334,3.0232996940612793,
,0.04615161271144946,balanced_mild_seed1,1.4635640108585357,,6,balanced,,1.3092496583859126,0.5,0.0003,0.2068885938823223,1.185188030373864,,small_subset,,3.1448983414967855,1.0,1.5670083057880402,0.05355712026357651,0.7547912001609802,,0.8297343254089355,0.14988620579242706,3.022921085357666,
,0.045985689659913384,balanced_mild_seed1,1.4624699703852335,,7,balanced,,1.2255061370134355,0.5,0.0003,0.1865752413868904,1.185188030373864,,small_subset,,3.1424623362223305,1.0,1.5557575929164886,0.054032400250434875,0.755208432674408,,0.821336567401886,0.13225622475147247,3.0231504440307617,
,0.04581592140098413,balanced_mild_seed1,1.4623718694845835,,8,balanced,,1.1539691118399302,0.5,0.0003,0.16666476791103682,1.185188030373864,,small_subset,,3.1430373636881512,1.0,1.5457042543093364,0.053746405988931656,0.7549198865890503,,0.8186744451522827,0.12750913202762604,3.0228538513183594,
,0.053605105727910995,weak_peak_w2p0_seed1,,0.688154399394989,,,,2.8718016147613525,0.5,0.0003,7.638648986816406,,clean_peak_percentile,tiny_batch,1,3.21270489692688,1.0,4.507478713989258,,,,,,,2.0
,0.048364873975515366,weak_peak_w2p0_seed1,,0.7157135605812073,,,,1.7537167072296143,0.5,0.0003,1.253176212310791,,clean_peak_percentile,tiny_batch,10,3.118168830871582,1.0,1.342301607131958,,,,,,,2.0
,0.04514683410525322,weak_peak_w2p0_seed1,,0.5167648792266846,,,,3.1717634201049805,0.5,0.0003,1.6376075744628906,,clean_peak_percentile,tiny_batch,20,3.1443517208099365,1.0,1.3355686664581299,,,,,,,2.0
,0.04652063548564911,weak_peak_w2p0_seed1,,0.646997332572937,,,,9.647876739501953,0.5,0.0003,3.8099164962768555,,clean_peak_percentile,tiny_batch,30,3.2793192863464355,1.0,2.5519556999206543,,,,,,,2.0
,0.05301164463162422,weak_peak_w2p0_seed1,,0.6819829940795898,,,,4.309568881988525,0.5,0.0003,1.5713170766830444,,clean_peak_percentile,tiny_batch,40,3.1843419075012207,1.0,1.4676415920257568,,,,,,,2.0
,0.045947249978780746,weak_peak_w2p0_seed1,,0.6016374826431274,,,,7.486388206481934,0.5,0.0003,1.4108188152313232,,clean_peak_percentile,tiny_batch,50,3.163233995437622,1.0,1.307046890258789,,,,,,,2.0
,0.04808935895562172,weak_peak_w2p0_seed1,,0.6503307223320007,,,,3.1167285442352295,0.5,0.0003,1.4174113273620605,,clean_peak_percentile,tiny_batch,60,3.2531211376190186,1.0,1.3590364456176758,,,,,,,2.0
,0.04686856269836426,weak_peak_w2p0_seed1,,0.6691715121269226,,,,2.9609060287475586,0.5,0.0003,1.0096466541290283,,clean_peak_percentile,tiny_batch,70,3.158384084701538,1.0,1.173994779586792,,,,,,,2.0
,0.04979688301682472,weak_peak_w2p0_seed1,,0.6180933117866516,,,,4.983803749084473,0.5,0.0003,1.3696786165237427,,clean_peak_percentile,tiny_batch,80,3.1252832412719727,1.0,1.302932620048523,,,,,,,2.0
,0.05176278576254845,weak_peak_w2p0_seed1,,0.6104450821876526,,,,3.2332966327667236,0.5,0.0003,0.8616992235183716,,clean_peak_percentile,tiny_batch,90,3.1480743885040283,1.0,1.0412946939468384,,,,,,,2.0
,0.04645276442170143,weak_peak_w2p0_seed1,,0.5675541162490845,,,,4.066728591918945,0.5,0.0003,1.3314529657363892,,clean_peak_percentile,tiny_batch,100,3.1595256328582764,1.0,1.2332806587219238,,,,,,,2.0
,0.049209754914045334,weak_peak_w2p0_seed1,,0.6625006794929504,,,,1.7482836246490479,0.5,0.0003,0.5328243970870972,,clean_peak_percentile,tiny_batch,110,3.0826914310455322,1.0,0.928912878036499,,,,,,,2.0
,0.047389764338731766,weak_peak_w2p0_seed1,,0.7394948601722717,,,,1.2141153812408447,0.5,0.0003,0.30996060371398926,,clean_peak_percentile,tiny_batch,120,3.251835823059082,1.0,0.8944751620292664,,,,,,,2.0
,0.05007882835964362,weak_peak_w2p0_seed1,,1.5505996119976044,1,,,2.3947882250944774,0.5,0.0003,0.6635709377129873,,clean_peak_percentile,small_subset,,3.156418407758077,1.0,1.8823850798606871,0.055086180567741394,,0.9761616587638855,1.2044556140899658,0.4565880000591278,3.024183988571167,2.0
,0.04841489469011625,weak_peak_w2p0_seed1,,1.5460743216673534,2,,,2.097615964412689,0.5,0.0003,0.5010150478283564,,clean_peak_percentile,small_subset,,3.148910482724508,1.0,1.796581839720408,0.05440665781497955,,0.975652813911438,1.144858717918396,0.3384118378162384,3.0240607261657715,2.0
,0.046896398986379303,weak_peak_w2p0_seed1,,1.545458995103836,3,,,1.9042927912871044,0.5,0.0003,0.3256078134973844,,clean_peak_percentile,small_subset,,3.1489294528961183,1.0,1.708262900908788,0.0541473813354969,,0.9755429625511169,1.0773769617080688,0.20366807281970978,3.024536609649658,2.0
,0.0464802739272515,weak_peak_w2p0_seed1,,1.5442402239640554,4,,,1.6241099870204925,0.5,0.0003,0.2606740215420723,,clean_peak_percentile,small_subset,,3.145885691642761,1.0,1.6745772377649943,0.05456307530403137,,0.9752737879753113,1.0713636875152588,0.19217969477176666,3.022592067718506,2.0
,0.04639253141979376,weak_peak_w2p0_seed1,,1.543514650464058,5,,,1.5275668704509735,0.5,0.0003,0.23962341512242952,,clean_peak_percentile,small_subset,,3.145716673533122,1.0,1.6633263540267944,0.05366252362728119,,0.9748616218566895,1.0625994205474854,0.17547555267810822,3.0232419967651367,2.0
,0.04622596544524034,weak_peak_w2p0_seed1,,1.5440960876146952,6,,,1.4342448711395264,0.5,0.0003,0.21716743250687917,,clean_peak_percentile,small_subset,,3.146022278467814,1.0,1.6526798057556151,0.05415743216872215,,0.9748291373252869,1.0563974380493164,0.16313663125038147,3.022294521331787,2.0
,0.046363529314597446,weak_peak_w2p0_seed1,,1.5424543090661367,7,,,1.3663996036847432,0.5,0.0003,0.19611876289049784,,clean_peak_percentile,small_subset,,3.1461001014709473,1.0,1.6405136903127036,0.05350703001022339,,0.9744380712509155,1.046175241470337,0.14347422122955322,3.0222713947296143,2.0
,0.04595865286886692,weak_peak_w2p0_seed1,,1.5453271953264873,8,,,1.2720035888751349,0.5,0.0003,0.1744696288804213,,clean_peak_percentile,small_subset,,3.1463760201136273,1.0,1.6325620079040528,0.054041359573602676,,0.9747966527938843,1.0385091304779053,0.12742502987384796,3.0222556591033936,2.0
,0.09879324585199356,balanced_mild_seed2,0.9027346968650818,,,balanced,,2.311262607574463,0.5,0.0003,7.205597877502441,1.185188030373864,,tiny_batch,1,3.1405696868896484,1.0,4.505533695220947,,,,,,,
,0.07948890328407288,balanced_mild_seed2,0.8395985960960388,,,balanced,,2.375957727432251,0.5,0.0003,3.282440662384033,1.185188030373864,,tiny_batch,10,3.2086336612701416,1.0,2.4808189868927,,,,,,,
,0.051608361303806305,balanced_mild_seed2,0.7297934889793396,,,balanced,,4.890484809875488,0.5,0.0003,4.995127201080322,1.185188030373864,,tiny_batch,20,3.238234758377075,1.0,3.2273571491241455,,,,,,,
,0.051045432686805725,balanced_mild_seed2,0.6326314210891724,,,balanced,,6.57600212097168,0.5,0.0003,3.6009268760681152,1.185188030373864,,tiny_batch,30,3.112018585205078,1.0,2.4330949783325195,,,,,,,
,0.04440031945705414,balanced_mild_seed2,0.6935922503471375,,,balanced,,3.583434820175171,0.5,0.0003,1.0456130504608154,1.185188030373864,,tiny_batch,40,3.1101555824279785,1.0,1.2163987159729004,,,,,,,
,0.046928055584430695,balanced_mild_seed2,0.7810293436050415,,,balanced,,5.7370429039001465,0.5,0.0003,1.9097604751586914,1.185188030373864,,tiny_batch,50,3.212489604949951,1.0,1.7359095811843872,,,,,,,
,0.05823091045022011,balanced_mild_seed2,0.9058249592781067,,,balanced,,2.4663875102996826,0.5,0.0003,1.5573160648345947,1.185188030373864,,tiny_batch,60,3.2008249759674072,1.0,1.6844830513000488,,,,,,,
,0.04973142594099045,balanced_mild_seed2,0.8561577200889587,,,balanced,,1.9275578260421753,0.5,0.0003,0.8584268093109131,1.185188030373864,,tiny_batch,70,3.1852898597717285,1.0,1.2853710651397705,,,,,,,
,0.05125986784696579,balanced_mild_seed2,0.8721490502357483,,,balanced,,3.0718977451324463,0.5,0.0003,1.3085030317306519,1.185188030373864,,tiny_batch,80,3.129589080810547,1.0,1.5264005661010742,,,,,,,
,0.047733183950185776,balanced_mild_seed2,0.738364577293396,,,balanced,,1.9238392114639282,0.5,0.0003,1.2098922729492188,1.185188030373864,,tiny_batch,90,3.2567811012268066,1.0,1.3433107137680054,,,,,,,
,0.04891880974173546,balanced_mild_seed2,0.725033164024353,,,balanced,,3.55216646194458,0.5,0.0003,0.9327943325042725,1.185188030373864,,tiny_batch,100,3.006913661956787,1.0,1.1914303302764893,,,,,,,
,0.0469689704477787,balanced_mild_seed2,0.8215262293815613,,,balanced,,2.697082757949829,0.5,0.0003,0.4489402174949646,1.185188030373864,,tiny_batch,110,3.0586135387420654,1.0,1.0459963083267212,,,,,,,
,0.04980600252747536,balanced_mild_seed2,0.7764696478843689,,,balanced,,3.789689779281616,0.5,0.0003,1.0916087627410889,1.185188030373864,,tiny_batch,120,3.24894642829895,1.0,1.3222739696502686,,,,,,,
,0.049742663378516835,balanced_mild_seed2,1.4697227561473847,,1,balanced,,2.2954358728726705,0.5,0.0003,0.6782544645667076,1.185188030373864,,small_subset,,3.1560432577133177,1.0,1.8088499863942464,0.0551040843129158,0.7561068534851074,,0.9799119234085083,0.44761011004447937,3.0234885215759277,
,0.04836666728059451,balanced_mild_seed2,1.465448092619578,,2,balanced,,1.9589031291007997,0.5,0.0003,0.5144265962640444,1.185188030373864,,small_subset,,3.148019143740336,1.0,1.7226613918940226,0.05515265464782715,0.7562593221664429,,0.9254050850868225,0.3382914960384369,3.023977041244507,
,0.04710950677593549,balanced_mild_seed2,1.463152531782786,,3,balanced,,1.7284428530931473,0.5,0.0003,0.35024261102080345,1.185188030373864,,small_subset,,3.1443278789520264,1.0,1.6382738395531973,0.05466483533382416,0.7555952072143555,,0.8607200384140015,0.2102496176958084,3.022742748260498,
,0.046466974392533306,balanced_mild_seed2,1.4631875952084858,,4,balanced,,1.4904466114441555,0.5,0.0003,0.26406992654005684,1.185188030373864,,small_subset,,3.1451204792658487,1.0,1.59522256175677,0.05268283188343048,0.7539956569671631,,0.8467136025428772,0.1854359358549118,3.0223798751831055,
,0.04623225087920824,balanced_mild_seed2,1.4635896027088164,,5,balanced,,1.3912299315134684,0.5,0.0003,0.23695820122957229,1.185188030373864,,small_subset,,3.1445868968963624,1.0,1.5820687007904053,0.053306691348552704,0.7543209195137024,,0.8440877199172974,0.17953360080718994,3.0217392444610596,
,0.04620755143463612,balanced_mild_seed2,1.4629833912849426,,6,balanced,,1.3672207202514013,0.5,0.0003,0.21857253092030685,1.185188030373864,,small_subset,,3.1446359459559123,1.0,1.5722696566581726,0.05296528711915016,0.7542636394500732,,0.8326655626296997,0.15680383145809174,3.0226011276245117,
,0.046109431361158686,balanced_mild_seed2,1.463228481610616,,7,balanced,,1.2520161700248718,0.5,0.0003,0.19457436161736646,1.185188030373864,,small_subset,,3.146468407313029,1.0,1.560515665213267,0.05361586809158325,0.7548393607139587,,0.8241471648216248,0.1386156529188156,3.022934913635254,
,0.045931124836206434,balanced_mild_seed2,1.462379374106725,,8,balanced,,1.1857234233617782,0.5,0.0003,0.17333688115080198,1.185188030373864,,small_subset,,3.1454206641515094,1.0,1.5490478138128916,0.05420350283384323,0.755161464214325,,0.8167586922645569,0.12319445610046387,3.022397994995117,
,0.05624912679195404,weak_peak_w2p0_seed2,,0.799404501914978,,,,1.296072244644165,0.5,0.0003,2.918545961380005,,clean_peak_percentile,tiny_batch,1,3.2421841621398926,1.0,2.2586774826049805,,,,,,,2.0
,0.04465985670685768,weak_peak_w2p0_seed2,,0.5220354795455933,,,,4.586268424987793,0.5,0.0003,7.87345552444458,,clean_peak_percentile,tiny_batch,10,3.181699752807617,1.0,4.458763122558594,,,,,,,2.0
,0.05060400813817978,weak_peak_w2p0_seed2,,0.6910320520401001,,,,4.818271636962891,0.5,0.0003,5.26724910736084,,clean_peak_percentile,tiny_batch,20,3.1718480587005615,1.0,3.3246564865112305,,,,,,,2.0
,0.04357009753584862,weak_peak_w2p0_seed2,,0.5909488797187805,,,,2.9358301162719727,0.5,0.0003,0.7770155668258667,,clean_peak_percentile,tiny_batch,30,3.041120767593384,1.0,0.9794566631317139,,,,,,,2.0
,0.049949176609516144,weak_peak_w2p0_seed2,,0.6545169353485107,,,,5.961497783660889,0.5,0.0003,2.3426437377929688,,clean_peak_percentile,tiny_batch,40,3.106006145477295,1.0,1.8258388042449951,,,,,,,2.0
,0.054012615233659744,weak_peak_w2p0_seed2,,0.7051651477813721,,,,3.1848907470703125,0.5,0.0003,1.1465505361557007,,clean_peak_percentile,tiny_batch,50,3.0795700550079346,1.0,1.2784404754638672,,,,,,,2.0
,0.05065140500664711,weak_peak_w2p0_seed2,,0.7457693219184875,,,,8.140456199645996,0.5,0.0003,2.2190628051757812,,clean_peak_percentile,tiny_batch,60,3.1252119541168213,1.0,1.8553006649017334,,,,,,,2.0
,0.049185872077941895,weak_peak_w2p0_seed2,,0.6327821612358093,,,,6.427315711975098,0.5,0.0003,1.2576978206634521,,clean_peak_percentile,tiny_batch,70,3.191105365753174,1.0,1.2616310119628906,,,,,,,2.0
,0.05551387369632721,weak_peak_w2p0_seed2,,0.7950121760368347,,,,2.7638890743255615,0.5,0.0003,1.2516695261001587,,clean_peak_percentile,tiny_batch,80,3.2257707118988037,1.0,1.420846939086914,,,,,,,2.0
,0.05081556737422943,weak_peak_w2p0_seed2,,0.7535889744758606,,,,2.5266664028167725,0.5,0.0003,1.0211211442947388,,clean_peak_percentile,tiny_batch,90,3.1005871295928955,1.0,1.26414954662323,,,,,,,2.0
,0.044122856110334396,weak_peak_w2p0_seed2,,0.5928736329078674,,,,2.2862088680267334,0.5,0.0003,1.441945195198059,,clean_peak_percentile,tiny_batch,100,3.0491864681243896,1.0,1.313846230506897,,,,,,,2.0
,0.04757903888821602,weak_peak_w2p0_seed2,,0.6670668721199036,,,,6.800923824310303,0.5,0.0003,1.7754571437835693,,clean_peak_percentile,tiny_batch,110,3.179056167602539,1.0,1.554795503616333,,,,,,,2.0
,0.046200983226299286,weak_peak_w2p0_seed2,,0.5089760422706604,,,,5.224040508270264,0.5,0.0003,1.0018370151519775,,clean_peak_percentile,tiny_batch,120,3.1313681602478027,1.0,1.009894609451294,,,,,,,2.0
,0.050496420909961065,weak_peak_w2p0_seed2,,1.5509264210859934,1,,,2.4917946326732636,0.5,0.0003,0.7010520255565643,,clean_peak_percentile,small_subset,,3.1570128854115804,1.0,1.901452435652415,0.05527021735906601,,0.9764451384544373,1.2119896411895752,0.47108888626098633,3.024547576904297,2.0
,0.04858243577182293,weak_peak_w2p0_seed2,,1.546560094356537,2,,,2.2448678568998974,0.5,0.0003,0.5476429119706154,,clean_peak_percentile,small_subset,,3.147528665860494,1.0,1.8203815519809723,0.05441134050488472,,0.9757064580917358,1.1635581254959106,0.3757033348083496,3.0241990089416504,2.0
,0.04750366121530533,weak_peak_w2p0_seed2,,1.5433797202507655,3,,,1.8796844283739726,0.5,0.0003,0.3846577690541744,,clean_peak_percentile,small_subset,,3.149396669069926,1.0,1.7357086062431335,0.053681619465351105,,0.974712610244751,1.0824998617172241,0.21557454764842987,3.0228865146636963,2.0
,0.04641937000056108,weak_peak_w2p0_seed2,,1.5432454125086466,4,,,1.6932202663024267,0.5,0.0003,0.2711577633023262,,clean_peak_percentile,small_subset,,3.1451443831125894,1.0,1.678824292421341,0.05357534438371658,,0.9745070934295654,1.0703938007354736,0.19177347421646118,3.022292137145996,2.0
,0.046298199146986005,weak_peak_w2p0_seed2,,1.5442600989341735,5,,,1.5080605824788411,0.5,0.0003,0.23939504941304524,,clean_peak_percentile,small_subset,,3.14589035987854,1.0,1.663957627216975,0.05403802916407585,,0.9748687148094177,1.06316339969635,0.17658944427967072,3.022545099258423,2.0
,0.04625608074168364,weak_peak_w2p0_seed2,,1.5425819301605224,6,,,1.4079026124874752,0.5,0.0003,0.21915589953462283,,clean_peak_percentile,small_subset,,3.143465763727824,1.0,1.6521598867575327,0.0538657046854496,,0.9748043417930603,1.0550141334533691,0.16041962802410126,3.0226681232452393,2.0
,0.0462187780191501,weak_peak_w2p0_seed2,,1.5453347917397817,7,,,1.3890635261933009,0.5,0.0003,0.2000159139931202,,clean_peak_percentile,small_subset,,3.1445192035039264,1.0,1.6453427497545878,0.05430404096841812,,0.9747157096862793,1.0524879693984985,0.15554451942443848,3.02162504196167,2.0
,0.04604045475522677,weak_peak_w2p0_seed2,,1.5417143742243449,8,,,1.2684286753336589,0.5,0.0003,0.17780258965988954,,clean_peak_percentile,small_subset,,3.1446852016448976,1.0,1.6306156647205352,0.053074270486831665,,0.9740883708000183,1.0388741493225098,0.12957163155078888,3.02219557762146,2.0
,0.11331584304571152,balanced_mild_alt_split,0.5797625184059143,,,balanced,,4.490878582000732,0.5,0.0003,14.412034034729004,1.1888041725295977,,tiny_batch,1,2.765803337097168,1.0,7.7857794761657715,,,,,,,
,0.08179426193237305,balanced_mild_alt_split,0.5570374131202698,,,balanced,,3.4741997718811035,0.5,0.0003,6.51346492767334,1.1888041725295977,,tiny_batch,10,2.7641944885253906,1.0,3.813769817352295,,,,,,,
,0.07968352735042572,balanced_mild_alt_split,0.48489683866500854,,,balanced,,8.16743278503418,0.5,0.0003,8.625041007995605,1.1888041725295977,,tiny_batch,20,2.714442729949951,1.0,4.797417163848877,,,,,,,
,0.0834226906299591,balanced_mild_alt_split,0.5243251323699951,,,balanced,,4.3683624267578125,0.5,0.0003,2.7329134941101074,1.1888041725295977,,tiny_batch,30,2.6259727478027344,1.0,1.8907818794250488,,,,,,,
,0.08271516859531403,balanced_mild_alt_split,0.45502957701683044,,,balanced,,5.628371238708496,0.5,0.0003,2.0956077575683594,1.1888041725295977,,tiny_batch,40,2.503561019897461,1.0,1.5028334856033325,,,,,,,
,0.07452474534511566,balanced_mild_alt_split,0.6866264343261719,,,balanced,,3.7423224449157715,0.5,0.0003,1.5765562057495117,1.1888041725295977,,tiny_batch,50,2.8866055011749268,1.0,1.4749045372009277,,,,,,,
,0.08486683666706085,balanced_mild_alt_split,0.5846254229545593,,,balanced,,6.186227798461914,0.5,0.0003,2.0605251789093018,1.1888041725295977,,tiny_batch,60,2.675644636154175,1.0,1.6148879528045654,,,,,,,
,0.07566983997821808,balanced_mild_alt_split,0.5993269681930542,,,balanced,,2.808948040008545,0.5,0.0003,0.8969898223876953,1.1888041725295977,,tiny_batch,70,2.729294776916504,1.0,1.0478218793869019,,,,,,,
,0.06899064034223557,balanced_mild_alt_split,0.6245688796043396,,,balanced,,3.782198429107666,0.5,0.0003,0.7128485441207886,1.1888041725295977,,tiny_batch,80,2.6863722801208496,1.0,0.9809931516647339,,,,,,,
,0.0758194625377655,balanced_mild_alt_split,0.5464978218078613,,,balanced,,3.105222702026367,0.5,0.0003,0.8912377953529358,1.1888041725295977,,tiny_batch,90,2.7157254219055176,1.0,0.9921166896820068,,,,,,,
,0.08112476766109467,balanced_mild_alt_split,0.5413474440574646,,,balanced,,3.143132209777832,0.5,0.0003,0.6536281108856201,1.1888041725295977,,tiny_batch,100,2.703749418258667,1.0,0.8681614995002747,,,,,,,
,0.07869389653205872,balanced_mild_alt_split,0.6920022368431091,,,balanced,,3.9091105461120605,0.5,0.0003,1.47724187374115,1.1888041725295977,,tiny_batch,110,2.896317720413208,1.0,1.430623173713684,,,,,,,
,0.07831674069166183,balanced_mild_alt_split,0.5718536972999573,,,balanced,,4.1073198318481445,0.5,0.0003,0.9744861125946045,1.1888041725295977,,tiny_batch,120,2.6694746017456055,1.0,1.0590968132019043,,,,,,,
,0.07856180662929546,balanced_mild_alt_split,1.2855487731285393,,1,balanced,,2.082306442083791,0.5,0.0003,0.5807760472525842,1.1888041725295977,,small_subset,,2.719405264593661,1.0,1.5759368005674332,0.07560276240110397,1.2343214750289917,,1.4515713453292847,0.43449974060058594,2.7297065258026123,
,0.07571833381371107,balanced_mild_alt_split,1.282225389382802,,2,balanced,,1.7067138184793293,0.5,0.0003,0.33940014385734685,1.1888041725295977,,small_subset,,2.7167360400781035,1.0,1.4519254621118307,0.07444850355386734,1.232674241065979,,1.3583426475524902,0.2513369023799896,2.7274234294891357,
,0.07509258647041861,balanced_mild_alt_split,1.281081766821444,,3,balanced,,1.455027625663206,0.5,0.0003,0.2352220978063997,1.1888041725295977,,small_subset,,2.7171342130750418,1.0,1.3986928150989115,0.07465942949056625,1.2323846817016602,,1.352941870689392,0.24111433327198029,2.726487398147583,
,0.07460028519562911,balanced_mild_alt_split,1.2800973176490515,,4,balanced,,1.3202010239474475,0.5,0.0003,0.20567190248402767,1.1888041725295977,,small_subset,,2.715349894016981,1.0,1.382933269487694,0.07530375570058823,1.2329256534576416,,1.3248891830444336,0.18392716348171234,2.7268948554992676,
,0.07409424390061758,balanced_mild_alt_split,1.2792910404969007,,5,balanced,,1.2587928872089833,0.5,0.0003,0.1808146854455117,1.1888041725295977,,small_subset,,2.712910163216293,1.0,1.3696983810514212,0.0742587298154831,1.2327063083648682,,1.3181334733963013,0.17085422575473785,2.7277417182922363,
,0.07393566526297946,balanced_mild_alt_split,1.2789071341976523,,6,balanced,,1.1279268357902765,0.5,0.0003,0.15267380861041602,1.1888041725295977,,small_subset,,2.7122614067047834,1.0,1.355244037695229,0.07448921352624893,1.2326990365982056,,1.3060790300369263,0.14676006138324738,2.7274274826049805,
,0.07377947503118776,balanced_mild_alt_split,1.2799616772681475,,7,balanced,,1.043166980962269,0.5,0.0003,0.13387953194614965,1.1888041725295977,,small_subset,,2.71610464528203,1.0,1.3469014468137175,0.07422854006290436,1.23237943649292,,1.3024089336395264,0.14005908370018005,2.7270314693450928,
,0.07377028508926742,balanced_mild_alt_split,1.2794977826997638,,8,balanced,,1.028280584840104,0.5,0.0003,0.12018079668632708,1.1888041725295977,,small_subset,,2.7141830632463098,1.0,1.3395881832111627,0.0741264596581459,1.2318453788757324,,1.2925374507904053,0.12138424068689346,2.725939989089966,
,0.0839676707983017,weak_peak_w2p0_alt_split,,0.5058891773223877,,,,1.7423735857009888,0.5,0.0003,5.038347244262695,,clean_peak_percentile,tiny_batch,1,2.7599902153015137,1.0,3.0250627994537354,,,,,,,2.0
,0.07834029197692871,weak_peak_w2p0_alt_split,,0.5970558524131775,,,,3.1556801795959473,0.5,0.0003,5.725950241088867,,clean_peak_percentile,tiny_batch,10,2.8649284839630127,1.0,3.460031032562256,,,,,,,2.0
,0.07718057185411453,weak_peak_w2p0_alt_split,,0.5339882969856262,,,,4.34424352645874,0.5,0.0003,3.7911911010742188,,clean_peak_percentile,tiny_batch,20,2.777031421661377,1.0,2.429583787918091,,,,,,,2.0
,0.08315610885620117,weak_peak_w2p0_alt_split,,0.5719490051269531,,,,11.209434509277344,0.5,0.0003,5.208588600158691,,clean_peak_percentile,tiny_batch,30,2.89522385597229,1.0,3.176243305206299,,,,,,,2.0
,0.07536745816469193,weak_peak_w2p0_alt_split,,0.4703621566295624,,,,5.606832504272461,0.5,0.0003,2.01998233795166,,clean_peak_percentile,tiny_batch,40,2.671046733856201,1.0,1.4803533554077148,,,,,,,2.0
,0.07757386565208435,weak_peak_w2p0_alt_split,,0.5888679027557373,,,,4.0348992347717285,0.5,0.0003,1.7898304462432861,,clean_peak_percentile,tiny_batch,50,2.8242931365966797,1.0,1.4837831258773804,,,,,,,2.0
,0.07701569050550461,weak_peak_w2p0_alt_split,,0.61158686876297,,,,2.852768659591675,0.5,0.0003,1.3009388446807861,,clean_peak_percentile,tiny_batch,60,2.8956637382507324,1.0,1.2620563507080078,,,,,,,2.0
,0.09337039291858673,weak_peak_w2p0_alt_split,,0.5908756256103516,,,,4.091950416564941,0.5,0.0003,1.6790733337402344,,clean_peak_percentile,tiny_batch,70,2.7717998027801514,1.0,1.4304122924804688,,,,,,,2.0
,0.07854267954826355,weak_peak_w2p0_alt_split,,0.49087366461753845,,,,4.63647985458374,0.5,0.0003,1.3389363288879395,,clean_peak_percentile,tiny_batch,80,2.7557902336120605,1.0,1.1603418588638306,,,,,,,2.0
,0.08149803429841995,weak_peak_w2p0_alt_split,,0.45578068494796753,,,,3.2375943660736084,0.5,0.0003,0.749006450176239,,clean_peak_percentile,tiny_batch,90,2.541069746017456,1.0,0.8302838802337646,,,,,,,2.0
,0.07620687782764435,weak_peak_w2p0_alt_split,,0.5912854671478271,,,,3.493438482284546,0.5,0.0003,1.151388168334961,,clean_peak_percentile,tiny_batch,100,2.8173723220825195,1.0,1.1669795513153076,,,,,,,2.0
,0.07631169259548187,weak_peak_w2p0_alt_split,,0.49763429164886475,,,,2.9047305583953857,0.5,0.0003,0.46647775173187256,,clean_peak_percentile,tiny_batch,110,2.593303918838501,1.0,0.730873167514801,,,,,,,2.0
,0.07282739132642746,weak_peak_w2p0_alt_split,,0.6295508742332458,,,,5.928524494171143,0.5,0.0003,1.2994537353515625,,clean_peak_percentile,tiny_batch,120,2.81498646736145,1.0,1.2792778015136719,,,,,,,2.0
,0.07872846073587425,weak_peak_w2p0_alt_split,,1.3523170202970505,1,,,2.0643415487138554,0.5,0.0003,0.57498575351201,,clean_peak_percentile,small_subset,,2.7217529583722353,1.0,1.6398098999634385,0.07644276320934296,,1.302755355834961,1.5085428953170776,0.411575049161911,2.7309391498565674,2.0
,0.07613008469343185,weak_peak_w2p0_alt_split,,1.3468380919657648,2,,,1.6055717810522765,0.5,0.0003,0.31190963415428996,,clean_peak_percentile,small_subset,,2.7171021113172174,1.0,1.502792910905555,0.0754416361451149,,1.3012642860412598,1.4242682456970215,0.24600791931152344,2.7295267581939697,2.0
,0.07524569296219852,weak_peak_w2p0_alt_split,,1.3467963100410998,3,,,1.4230457665398717,0.5,0.0003,0.2329676406516228,,clean_peak_percentile,small_subset,,2.7159769125282764,1.0,1.4632801285479218,0.07549937069416046,,1.3011354207992554,1.4164539575576782,0.2306370735168457,2.7285428047180176,2.0
,0.07481042889412493,weak_peak_w2p0_alt_split,,1.345109743764624,4,,,1.3133328288095072,0.5,0.0003,0.21008991745475214,,clean_peak_percentile,small_subset,,2.7160380128771067,1.0,1.450154704740271,0.075400710105896,,1.3008949756622314,1.3966256380081177,0.19146139919757843,2.7283053398132324,2.0
,0.07443638904078398,weak_peak_w2p0_alt_split,,1.3467760083731264,5,,,1.243832307169214,0.5,0.0003,0.18384687398793176,,clean_peak_percentile,small_subset,,2.7168003479018807,1.0,1.4386994454544038,0.07462101429700851,,1.30026113986969,1.3884332180023193,0.1763441115617752,2.7281806468963623,2.0
,0.07394324378401507,weak_peak_w2p0_alt_split,,1.3455683903302997,6,,,1.1295678643509746,0.5,0.0003,0.15522466220136266,,clean_peak_percentile,small_subset,,2.7141033187508583,1.0,1.423180726589635,0.07443586736917496,,1.3000763654708862,1.374325156211853,0.14849761128425598,2.7278940677642822,2.0
,0.07391155372897629,weak_peak_w2p0_alt_split,,1.3461918612010777,7,,,1.0848078653216362,0.5,0.0003,0.13817968091461807,,clean_peak_percentile,small_subset,,2.717025646008551,1.0,1.4152817039284855,0.07504608482122421,,1.3007423877716064,1.3731316328048706,0.14477838575839996,2.729163885116577,2.0
,0.07394433705485426,weak_peak_w2p0_alt_split,,1.3447754429653287,8,,,1.0213205816689879,0.5,0.0003,0.12115227716276422,,clean_peak_percentile,small_subset,,2.7150201620534062,1.0,1.4053515805862844,0.07343526929616928,,1.2994221448898315,1.3665484189987183,0.13425253331661224,2.7277772426605225,2.0
