background_cell_count,background_energy_increase_db,bootstrap_pfa_ci_high,bootstrap_pfa_ci_low,bootstrap_pfa_std,f1,false_alarm_count,fn_cells,fp_cells,frame_level_pfa_mean,frame_level_pfa_std,input_type,mask_name,measured_pfa,mid_hits,mid_miss_rate,mid_n,mid_pd,mse_db_to_clean,mse_power_to_clean,noise_floor_change_db,overall_hits,overall_miss_rate,overall_n,overall_pd,precision,recall,sir_name,source_stage,split_definition,strong_hits,strong_miss_rate,strong_n,strong_pd,target_peak_abs_bias_db_mean,target_peak_bias_db_mean,target_pfa,target_scope,target_sir_db,threshold,threshold_source,tp_cells,weak_hits,weak_miss_rate,weak_n,weak_pd
15058,0.020936670009687693,0.0122284259799693,0.009525757110666654,0.0007041728404531082,0.1809116809116809,163,2137,163,0.010500003167790636,0.009098037346226252,mse_model_clean,narrow,0.010824810731836897,88,0.22807017543859653,114,0.7719298245614035,0.048443113856534624,10139392847.331367,0.05275989205355813,178,0.5400516795865633,387,0.4599483204134367,0.6091127098321343,0.10623170221664575,,D3-Rerun,clean_peak_percentile,30,0.0,30,1.0,0.050882145098635846,0.04771234938479939,0.01,all,,4.071246249227762,input_specific_validation_background,254,60,0.7530864197530864,243,0.24691358024691357
15058,0.020936670009687693,0.0122284259799693,0.009525757110666654,0.0007041728404531082,0.1809116809116809,163,2137,163,0.010500003167790636,0.009098037346226252,mse_model_clean,narrow,0.010824810731836897,54,0.20588235294117652,68,0.7941176470588235,0.048443113856534624,10139392847.331367,0.05275989205355813,118,0.5972696245733788,293,0.40273037542662116,0.6091127098321343,0.10623170221664575,,D3-Rerun,clean_peak_percentile,8,0.0,8,1.0,0.050882145098635846,0.04771234938479939,0.01,non_overlap_only,,4.071246249227762,input_specific_validation_background,254,56,0.7419354838709677,217,0.25806451612903225
15058,0.020936670009687693,0.001970694974512427,0.0008640077227868773,0.00027247168941525,0.1417565485362096,21,2207,21,0.0013802488770993516,0.003565257269339099,mse_model_clean,narrow,0.0013946075175986187,79,0.3070175438596491,114,0.6929824561403509,0.048443113856534624,10139392847.331367,0.05275989205355813,142,0.6330749354005167,387,0.3669250645994832,0.8975609756097561,0.07695524884985362,,D3-Rerun,clean_peak_percentile,30,0.0,30,1.0,0.050882145098635846,0.04771234938479939,0.001,all,,5.817966587255464,input_specific_validation_background,184,33,0.8641975308641976,243,0.13580246913580246
15058,0.020936670009687693,0.001970694974512427,0.0008640077227868773,0.00027247168941525,0.1417565485362096,21,2207,21,0.0013802488770993516,0.003565257269339099,mse_model_clean,narrow,0.0013946075175986187,53,0.22058823529411764,68,0.7794117647058824,0.048443113856534624,10139392847.331367,0.05275989205355813,90,0.6928327645051194,293,0.30716723549488056,0.8975609756097561,0.07695524884985362,,D3-Rerun,clean_peak_percentile,8,0.0,8,1.0,0.050882145098635846,0.04771234938479939,0.001,non_overlap_only,,5.817966587255464,input_specific_validation_background,184,29,0.8663594470046083,217,0.1336405529953917
15058,0.020936670009687693,0.0122284259799693,0.009525757110666654,0.0007041728404531082,0.1809116809116809,163,2137,163,0.010500003167790636,0.009098037346226252,mse_model_clean,narrow,0.010824810731836897,136,0.1952662721893491,169,0.8047337278106509,0.048443113856534624,10139392847.331367,0.05275989205355813,178,0.5400516795865633,387,0.4599483204134367,0.6091127098321343,0.10623170221664575,,D3-Rerun,cfar_margin,42,0.0,42,1.0,0.050882145098635846,0.04771234938479939,0.01,all,,4.071246249227762,input_specific_validation_background,254,0,1.0,176,0.0
15058,0.020936670009687693,0.0122284259799693,0.009525757110666654,0.0007041728404531082,0.1809116809116809,163,2137,163,0.010500003167790636,0.009098037346226252,mse_model_clean,narrow,0.010824810731836897,100,0.23664122137404575,131,0.7633587786259542,0.048443113856534624,10139392847.331367,0.05275989205355813,118,0.5972696245733788,293,0.40273037542662116,0.6091127098321343,0.10623170221664575,,D3-Rerun,cfar_margin,18,0.0,18,1.0,0.050882145098635846,0.04771234938479939,0.01,non_overlap_only,,4.071246249227762,input_specific_validation_background,254,0,1.0,144,0.0
15058,0.020936670009687693,0.001970694974512427,0.0008640077227868773,0.00027247168941525,0.1417565485362096,21,2207,21,0.0013802488770993516,0.003565257269339099,mse_model_clean,narrow,0.0013946075175986187,100,0.40828402366863903,169,0.591715976331361,0.048443113856534624,10139392847.331367,0.05275989205355813,142,0.6330749354005167,387,0.3669250645994832,0.8975609756097561,0.07695524884985362,,D3-Rerun,cfar_margin,42,0.0,42,1.0,0.050882145098635846,0.04771234938479939,0.001,all,,5.817966587255464,input_specific_validation_background,184,0,1.0,176,0.0
15058,0.020936670009687693,0.001970694974512427,0.0008640077227868773,0.00027247168941525,0.1417565485362096,21,2207,21,0.0013802488770993516,0.003565257269339099,mse_model_clean,narrow,0.0013946075175986187,72,0.45038167938931295,131,0.549618320610687,0.048443113856534624,10139392847.331367,0.05275989205355813,90,0.6928327645051194,293,0.30716723549488056,0.8975609756097561,0.07695524884985362,,D3-Rerun,cfar_margin,18,0.0,18,1.0,0.050882145098635846,0.04771234938479939,0.001,non_overlap_only,,5.817966587255464,input_specific_validation_background,184,0,1.0,144,0.0
14165,0.020477560415586987,0.012056830395550961,0.009163214338364511,0.0007448806478604557,0.13115590711916303,150,3255,150,0.01012561656140508,0.009658172017729337,mse_model_clean,default,0.010589481115425344,80,0.024390243902439046,82,0.975609756097561,0.048443113856534624,10139392847.331367,0.05480122379309904,216,0.4418604651162791,387,0.5581395348837209,0.6314496314496314,0.07317767653758542,,D3-Rerun,clean_peak_percentile,43,0.0,43,1.0,0.053228616017303915,0.05012594301186423,0.01,all,,4.152222563202746,input_specific_validation_background,257,93,0.6450381679389313,262,0.3549618320610687
14165,0.020477560415586987,0.012056830395550961,0.009163214338364511,0.0007448806478604557,0.13115590711916303,150,3255,150,0.01012561656140508,0.009658172017729337,mse_model_clean,default,0.010589481115425344,14,0.0,14,1.0,0.048443113856534624,10139392847.331367,0.05480122379309904,80,0.6059113300492611,203,0.39408866995073893,0.6314496314496314,0.07317767653758542,,D3-Rerun,clean_peak_percentile,0,,0,,0.053228616017303915,0.05012594301186423,0.01,non_overlap_only,,4.152222563202746,input_specific_validation_background,257,66,0.6507936507936508,189,0.3492063492063492
14165,0.020477560415586987,0.0024216604634876276,0.0011644008576593256,0.0003243242044081694,0.09940891993551854,25,3327,25,0.0017946295554413156,0.004209245885295522,mse_model_clean,default,0.0017649135192375574,72,0.12195121951219512,82,0.8780487804878049,0.048443113856534624,10139392847.331367,0.05480122379309904,175,0.5478036175710594,387,0.45219638242894056,0.8809523809523809,0.052676537585421415,,D3-Rerun,clean_peak_percentile,43,0.0,43,1.0,0.053228616017303915,0.05012594301186423,0.001,all,,5.786273499007395,input_specific_validation_background,185,60,0.7709923664122138,262,0.22900763358778625
14165,0.020477560415586987,0.0024216604634876276,0.0011644008576593256,0.0003243242044081694,0.09940891993551854,25,3327,25,0.0017946295554413156,0.004209245885295522,mse_model_clean,default,0.0017649135192375574,14,0.0,14,1.0,0.048443113856534624,10139392847.331367,0.05480122379309904,55,0.729064039408867,203,0.270935960591133,0.8809523809523809,0.052676537585421415,,D3-Rerun,clean_peak_percentile,0,,0,,0.053228616017303915,0.05012594301186423,0.001,non_overlap_only,,5.786273499007395,input_specific_validation_background,185,41,0.783068783068783,189,0.21693121693121692
14165,0.020477560415586987,0.012056830395550961,0.009163214338364511,0.0007448806478604557,0.13115590711916303,150,3255,150,0.01012561656140508,0.009658172017729337,mse_model_clean,default,0.010589481115425344,154,0.0,154,1.0,0.048443113856534624,10139392847.331367,0.05480122379309904,216,0.4418604651162791,387,0.5581395348837209,0.6314496314496314,0.07317767653758542,,D3-Rerun,cfar_margin,36,0.0,36,1.0,0.053228616017303915,0.05012594301186423,0.01,all,,4.152222563202746,input_specific_validation_background,257,26,0.868020304568528,197,0.1319796954314721
14165,0.020477560415586987,0.012056830395550961,0.009163214338364511,0.0007448806478604557,0.13115590711916303,150,3255,150,0.01012561656140508,0.009658172017729337,mse_model_clean,default,0.010589481115425344,61,0.0,61,1.0,0.048443113856534624,10139392847.331367,0.05480122379309904,80,0.6059113300492611,203,0.39408866995073893,0.6314496314496314,0.07317767653758542,,D3-Rerun,cfar_margin,0,,0,,0.053228616017303915,0.05012594301186423,0.01,non_overlap_only,,4.152222563202746,input_specific_validation_background,257,19,0.8661971830985915,142,0.13380281690140844
14165,0.020477560415586987,0.0024216604634876276,0.0011644008576593256,0.0003243242044081694,0.09940891993551854,25,3327,25,0.0017946295554413156,0.004209245885295522,mse_model_clean,default,0.0017649135192375574,139,0.09740259740259738,154,0.9025974025974026,0.048443113856534624,10139392847.331367,0.05480122379309904,175,0.5478036175710594,387,0.45219638242894056,0.8809523809523809,0.052676537585421415,,D3-Rerun,cfar_margin,36,0.0,36,1.0,0.053228616017303915,0.05012594301186423,0.001,all,,5.786273499007395,input_specific_validation_background,185,0,1.0,197,0.0
14165,0.020477560415586987,0.0024216604634876276,0.0011644008576593256,0.0003243242044081694,0.09940891993551854,25,3327,25,0.0017946295554413156,0.004209245885295522,mse_model_clean,default,0.0017649135192375574,55,0.09836065573770492,61,0.9016393442622951,0.048443113856534624,10139392847.331367,0.05480122379309904,55,0.729064039408867,203,0.270935960591133,0.8809523809523809,0.052676537585421415,,D3-Rerun,cfar_margin,0,,0,,0.053228616017303915,0.05012594301186423,0.001,non_overlap_only,,5.786273499007395,input_specific_validation_background,185,0,1.0,142,0.0
15058,-0.09842379425389956,0.012186523002417057,0.009386226989460846,0.000722235539953085,0.18743343982960595,162,2127,162,0.01039412247547598,0.00934071970882364,bce_rec_anchor_model_clean,narrow,0.010758400850046488,88,0.22807017543859653,114,0.7719298245614035,0.0490234113069278,1619806752.8283515,-0.032903378059764066,184,0.524547803617571,387,0.4754521963824289,0.6197183098591549,0.11041405269761606,,D3-Rerun,clean_peak_percentile,30,0.0,30,1.0,0.056028325231619144,-0.0035743106837503973,0.01,all,,3.930455336450441,input_specific_validation_background,264,66,0.7283950617283951,243,0.2716049382716049
15058,-0.09842379425389956,0.012186523002417057,0.009386226989460846,0.000722235539953085,0.18743343982960595,162,2127,162,0.01039412247547598,0.00934071970882364,bce_rec_anchor_model_clean,narrow,0.010758400850046488,54,0.20588235294117652,68,0.7941176470588235,0.0490234113069278,1619806752.8283515,-0.032903378059764066,122,0.5836177474402731,293,0.41638225255972694,0.6197183098591549,0.11041405269761606,,D3-Rerun,clean_peak_percentile,8,0.0,8,1.0,0.056028325231619144,-0.0035743106837503973,0.01,non_overlap_only,,3.930455336450441,input_specific_validation_background,264,60,0.7235023041474654,217,0.2764976958525346
15058,-0.09842379425389956,0.0015827433835080517,0.0006619547403228706,0.0002488514475788297,0.14846153846153848,16,2198,16,0.0010484563593921431,0.0031554690346149903,bce_rec_anchor_model_clean,narrow,0.0010625581086465667,82,0.2807017543859649,114,0.7192982456140351,0.0490234113069278,1619806752.8283515,-0.032903378059764066,147,0.6201550387596899,387,0.3798449612403101,0.9234449760765551,0.0807193642827269,,D3-Rerun,clean_peak_percentile,30,0.0,30,1.0,0.056028325231619144,-0.0035743106837503973,0.001,all,,5.4432795400320195,input_specific_validation_background,193,35,0.8559670781893004,243,0.1440329218106996
15058,-0.09842379425389956,0.0015827433835080517,0.0006619547403228706,0.0002488514475788297,0.14846153846153848,16,2198,16,0.0010484563593921431,0.0031554690346149903,bce_rec_anchor_model_clean,narrow,0.0010625581086465667,53,0.22058823529411764,68,0.7794117647058824,0.0490234113069278,1619806752.8283515,-0.032903378059764066,92,0.6860068259385665,293,0.31399317406143346,0.9234449760765551,0.0807193642827269,,D3-Rerun,clean_peak_percentile,8,0.0,8,1.0,0.056028325231619144,-0.0035743106837503973,0.001,non_overlap_only,,5.4432795400320195,input_specific_validation_background,193,31,0.8571428571428572,217,0.14285714285714285
15058,-0.09842379425389956,0.012186523002417057,0.009386226989460846,0.000722235539953085,0.18743343982960595,162,2127,162,0.01039412247547598,0.00934071970882364,bce_rec_anchor_model_clean,narrow,0.010758400850046488,142,0.1597633136094675,169,0.8402366863905325,0.0490234113069278,1619806752.8283515,-0.032903378059764066,184,0.524547803617571,387,0.4754521963824289,0.6197183098591549,0.11041405269761606,,D3-Rerun,cfar_margin,42,0.0,42,1.0,0.056028325231619144,-0.0035743106837503973,0.01,all,,3.930455336450441,input_specific_validation_background,264,0,1.0,176,0.0
15058,-0.09842379425389956,0.012186523002417057,0.009386226989460846,0.000722235539953085,0.18743343982960595,162,2127,162,0.01039412247547598,0.00934071970882364,bce_rec_anchor_model_clean,narrow,0.010758400850046488,104,0.20610687022900764,131,0.7938931297709924,0.0490234113069278,1619806752.8283515,-0.032903378059764066,122,0.5836177474402731,293,0.41638225255972694,0.6197183098591549,0.11041405269761606,,D3-Rerun,cfar_margin,18,0.0,18,1.0,0.056028325231619144,-0.0035743106837503973,0.01,non_overlap_only,,3.930455336450441,input_specific_validation_background,264,0,1.0,144,0.0
15058,-0.09842379425389956,0.0015827433835080517,0.0006619547403228706,0.0002488514475788297,0.14846153846153848,16,2198,16,0.0010484563593921431,0.0031554690346149903,bce_rec_anchor_model_clean,narrow,0.0010625581086465667,105,0.37869822485207105,169,0.621301775147929,0.0490234113069278,1619806752.8283515,-0.032903378059764066,147,0.6201550387596899,387,0.3798449612403101,0.9234449760765551,0.0807193642827269,,D3-Rerun,cfar_margin,42,0.0,42,1.0,0.056028325231619144,-0.0035743106837503973,0.001,all,,5.4432795400320195,input_specific_validation_background,193,0,1.0,176,0.0
15058,-0.09842379425389956,0.0015827433835080517,0.0006619547403228706,0.0002488514475788297,0.14846153846153848,16,2198,16,0.0010484563593921431,0.0031554690346149903,bce_rec_anchor_model_clean,narrow,0.0010625581086465667,74,0.43511450381679384,131,0.5648854961832062,0.0490234113069278,1619806752.8283515,-0.032903378059764066,92,0.6860068259385665,293,0.31399317406143346,0.9234449760765551,0.0807193642827269,,D3-Rerun,cfar_margin,18,0.0,18,1.0,0.056028325231619144,-0.0035743106837503973,0.001,non_overlap_only,,5.4432795400320195,input_specific_validation_background,193,0,1.0,144,0.0
14165,-0.09994751670765877,0.012294336879268498,0.009247521640325513,0.0007521662672430273,0.1372299872935197,153,3242,153,0.010294083642908989,0.009814659562004979,bce_rec_anchor_model_clean,default,0.010801270737733851,80,0.024390243902439046,82,0.975609756097561,0.0490234113069278,1619806752.8283515,-0.030316775590087275,224,0.4211886304909561,387,0.5788113695090439,0.6382978723404256,0.07687927107061504,,D3-Rerun,clean_peak_percentile,43,0.0,43,1.0,0.062079255575160426,-0.0093802289336167,0.01,all,,3.944521417348249,input_specific_validation_background,270,101,0.6145038167938932,262,0.38549618320610685
14165,-0.09994751670765877,0.012294336879268498,0.009247521640325513,0.0007521662672430273,0.1372299872935197,153,3242,153,0.010294083642908989,0.009814659562004979,bce_rec_anchor_model_clean,default,0.010801270737733851,14,0.0,14,1.0,0.0490234113069278,1619806752.8283515,-0.030316775590087275,86,0.5763546798029557,203,0.4236453201970443,0.6382978723404256,0.07687927107061504,,D3-Rerun,clean_peak_percentile,0,,0,,0.062079255575160426,-0.0093802289336167,0.01,non_overlap_only,,3.944521417348249,input_specific_validation_background,270,72,0.6190476190476191,189,0.38095238095238093
14165,-0.09994751670765877,0.0016761540437986912,0.0007009527182560896,0.00026492295350311453,0.10373555495834454,16,3319,16,0.0011282657682148895,0.003410265797264057,bce_rec_anchor_model_clean,default,0.0011295446523120368,76,0.07317073170731703,82,0.926829268292683,0.0490234113069278,1619806752.8283515,-0.030316775590087275,180,0.5348837209302326,387,0.46511627906976744,0.9234449760765551,0.054954441913439636,,D3-Rerun,clean_peak_percentile,43,0.0,43,1.0,0.062079255575160426,-0.0093802289336167,0.001,all,,5.443036824096579,input_specific_validation_background,193,61,0.767175572519084,262,0.23282442748091603
14165,-0.09994751670765877,0.0016761540437986912,0.0007009527182560896,0.00026492295350311453,0.10373555495834454,16,3319,16,0.0011282657682148895,0.003410265797264057,bce_rec_anchor_model_clean,default,0.0011295446523120368,14,0.0,14,1.0,0.0490234113069278,1619806752.8283515,-0.030316775590087275,56,0.7241379310344828,203,0.27586206896551724,0.9234449760765551,0.054954441913439636,,D3-Rerun,clean_peak_percentile,0,,0,,0.062079255575160426,-0.0093802289336167,0.001,non_overlap_only,,5.443036824096579,input_specific_validation_background,193,42,0.7777777777777778,189,0.2222222222222222
14165,-0.09994751670765877,0.012294336879268498,0.009247521640325513,0.0007521662672430273,0.1372299872935197,153,3242,153,0.010294083642908989,0.009814659562004979,bce_rec_anchor_model_clean,default,0.010801270737733851,154,0.0,154,1.0,0.0490234113069278,1619806752.8283515,-0.030316775590087275,224,0.4211886304909561,387,0.5788113695090439,0.6382978723404256,0.07687927107061504,,D3-Rerun,cfar_margin,36,0.0,36,1.0,0.062079255575160426,-0.0093802289336167,0.01,all,,3.944521417348249,input_specific_validation_background,270,34,0.8274111675126904,197,0.17258883248730963
14165,-0.09994751670765877,0.012294336879268498,0.009247521640325513,0.0007521662672430273,0.1372299872935197,153,3242,153,0.010294083642908989,0.009814659562004979,bce_rec_anchor_model_clean,default,0.010801270737733851,61,0.0,61,1.0,0.0490234113069278,1619806752.8283515,-0.030316775590087275,86,0.5763546798029557,203,0.4236453201970443,0.6382978723404256,0.07687927107061504,,D3-Rerun,cfar_margin,0,,0,,0.062079255575160426,-0.0093802289336167,0.01,non_overlap_only,,3.944521417348249,input_specific_validation_background,270,25,0.823943661971831,142,0.176056338028169
14165,-0.09994751670765877,0.0016761540437986912,0.0007009527182560896,0.00026492295350311453,0.10373555495834454,16,3319,16,0.0011282657682148895,0.003410265797264057,bce_rec_anchor_model_clean,default,0.0011295446523120368,144,0.06493506493506496,154,0.935064935064935,0.0490234113069278,1619806752.8283515,-0.030316775590087275,180,0.5348837209302326,387,0.46511627906976744,0.9234449760765551,0.054954441913439636,,D3-Rerun,cfar_margin,36,0.0,36,1.0,0.062079255575160426,-0.0093802289336167,0.001,all,,5.443036824096579,input_specific_validation_background,193,0,1.0,197,0.0
14165,-0.09994751670765877,0.0016761540437986912,0.0007009527182560896,0.00026492295350311453,0.10373555495834454,16,3319,16,0.0011282657682148895,0.003410265797264057,bce_rec_anchor_model_clean,default,0.0011295446523120368,56,0.08196721311475408,61,0.9180327868852459,0.0490234113069278,1619806752.8283515,-0.030316775590087275,56,0.7241379310344828,203,0.27586206896551724,0.9234449760765551,0.054954441913439636,,D3-Rerun,cfar_margin,0,,0,,0.062079255575160426,-0.0093802289336167,0.001,non_overlap_only,,5.443036824096579,input_specific_validation_background,193,0,1.0,142,0.0
15058,-0.044398957931195554,0.012206739552848796,0.00932911295210297,0.0007237728351668385,0.1875,161,2127,161,0.010334498938895636,0.009386708460434991,balanced_mild_model_clean,narrow,0.010691990968256076,88,0.22807017543859653,114,0.7719298245614035,0.04496563823807927,1587008660.5105777,-0.016112480420467534,184,0.524547803617571,387,0.4754521963824289,0.6211764705882353,0.11041405269761606,,D4,clean_peak_percentile,30,0.0,30,1.0,0.06060239976669781,0.006661449820332879,0.01,all,,3.8920161136986504,input_specific_validation_background,264,66,0.7283950617283951,243,0.2716049382716049
15058,-0.044398957931195554,0.012206739552848796,0.00932911295210297,0.0007237728351668385,0.1875,161,2127,161,0.010334498938895636,0.009386708460434991,balanced_mild_model_clean,narrow,0.010691990968256076,54,0.20588235294117652,68,0.7941176470588235,0.04496563823807927,1587008660.5105777,-0.016112480420467534,122,0.5836177474402731,293,0.41638225255972694,0.6211764705882353,0.11041405269761606,,D4,clean_peak_percentile,8,0.0,8,1.0,0.06060239976669781,0.006661449820332879,0.01,non_overlap_only,,3.8920161136986504,input_specific_validation_background,264,60,0.7235023041474654,217,0.2764976958525346
15058,-0.044398957931195554,0.0018877453263612236,0.0008579423891804592,0.00027611134448424354,0.14894433781190022,20,2197,20,0.0013173672086325282,0.0034960668567225674,balanced_mild_model_clean,narrow,0.0013281976358082083,85,0.2543859649122807,114,0.7456140350877193,0.04496563823807927,1587008660.5105777,-0.016112480420467534,150,0.6124031007751938,387,0.3875968992248062,0.9065420560747663,0.08113759933082393,,D4,clean_peak_percentile,30,0.0,30,1.0,0.06060239976669781,0.006661449820332879,0.001,all,,5.379041540399856,input_specific_validation_background,194,35,0.8559670781893004,243,0.1440329218106996
15058,-0.044398957931195554,0.0018877453263612236,0.0008579423891804592,0.00027611134448424354,0.14894433781190022,20,2197,20,0.0013173672086325282,0.0034960668567225674,balanced_mild_model_clean,narrow,0.0013281976358082083,53,0.22058823529411764,68,0.7794117647058824,0.04496563823807927,1587008660.5105777,-0.016112480420467534,92,0.6860068259385665,293,0.31399317406143346,0.9065420560747663,0.08113759933082393,,D4,clean_peak_percentile,8,0.0,8,1.0,0.06060239976669781,0.006661449820332879,0.001,non_overlap_only,,5.379041540399856,input_specific_validation_background,194,31,0.8571428571428572,217,0.14285714285714285
15058,-0.044398957931195554,0.012206739552848796,0.00932911295210297,0.0007237728351668385,0.1875,161,2127,161,0.010334498938895636,0.009386708460434991,balanced_mild_model_clean,narrow,0.010691990968256076,142,0.1597633136094675,169,0.8402366863905325,0.04496563823807927,1587008660.5105777,-0.016112480420467534,184,0.524547803617571,387,0.4754521963824289,0.6211764705882353,0.11041405269761606,,D4,cfar_margin,42,0.0,42,1.0,0.06060239976669781,0.006661449820332879,0.01,all,,3.8920161136986504,input_specific_validation_background,264,0,1.0,176,0.0
15058,-0.044398957931195554,0.012206739552848796,0.00932911295210297,0.0007237728351668385,0.1875,161,2127,161,0.010334498938895636,0.009386708460434991,balanced_mild_model_clean,narrow,0.010691990968256076,104,0.20610687022900764,131,0.7938931297709924,0.04496563823807927,1587008660.5105777,-0.016112480420467534,122,0.5836177474402731,293,0.41638225255972694,0.6211764705882353,0.11041405269761606,,D4,cfar_margin,18,0.0,18,1.0,0.06060239976669781,0.006661449820332879,0.01,non_overlap_only,,3.8920161136986504,input_specific_validation_background,264,0,1.0,144,0.0
15058,-0.044398957931195554,0.0018877453263612236,0.0008579423891804592,0.00027611134448424354,0.14894433781190022,20,2197,20,0.0013173672086325282,0.0034960668567225674,balanced_mild_model_clean,narrow,0.0013281976358082083,108,0.36094674556213013,169,0.6390532544378699,0.04496563823807927,1587008660.5105777,-0.016112480420467534,150,0.6124031007751938,387,0.3875968992248062,0.9065420560747663,0.08113759933082393,,D4,cfar_margin,42,0.0,42,1.0,0.06060239976669781,0.006661449820332879,0.001,all,,5.379041540399856,input_specific_validation_background,194,0,1.0,176,0.0
15058,-0.044398957931195554,0.0018877453263612236,0.0008579423891804592,0.00027611134448424354,0.14894433781190022,20,2197,20,0.0013173672086325282,0.0034960668567225674,balanced_mild_model_clean,narrow,0.0013281976358082083,74,0.43511450381679384,131,0.5648854961832062,0.04496563823807927,1587008660.5105777,-0.016112480420467534,92,0.6860068259385665,293,0.31399317406143346,0.9065420560747663,0.08113759933082393,,D4,cfar_margin,18,0.0,18,1.0,0.06060239976669781,0.006661449820332879,0.001,non_overlap_only,,5.379041540399856,input_specific_validation_background,194,0,1.0,144,0.0
14165,-0.044751302165224965,0.012414858227746371,0.00938566448762382,0.0007590769430593092,0.13719512195121952,154,3242,154,0.010392613696586759,0.009930759359901637,balanced_mild_model_clean,default,0.010871867278503353,80,0.024390243902439046,82,0.975609756097561,0.04496563823807927,1587008660.5105777,-0.014369330865868335,224,0.4211886304909561,387,0.5788113695090439,0.6367924528301887,0.07687927107061504,,D4,clean_peak_percentile,43,0.0,43,1.0,0.065643709862658,0.0018016373732039268,0.01,all,,3.9020908619305015,input_specific_validation_background,270,101,0.6145038167938932,262,0.38549618320610685
14165,-0.044751302165224965,0.012414858227746371,0.00938566448762382,0.0007590769430593092,0.13719512195121952,154,3242,154,0.010392613696586759,0.009930759359901637,balanced_mild_model_clean,default,0.010871867278503353,14,0.0,14,1.0,0.04496563823807927,1587008660.5105777,-0.014369330865868335,86,0.5763546798029557,203,0.4236453201970443,0.6367924528301887,0.07687927107061504,,D4,clean_peak_percentile,0,,0,,0.065643709862658,0.0018016373732039268,0.01,non_overlap_only,,3.9020908619305015,input_specific_validation_background,270,72,0.6190476190476191,189,0.38095238095238093
14165,-0.044751302165224965,0.0020115776834473166,0.0009068863974684542,0.0002940216546891256,0.10413311862587224,20,3318,20,0.0014228650720085345,0.003793311769113526,balanced_mild_model_clean,default,0.0014119308153900459,79,0.03658536585365857,82,0.9634146341463414,0.04496563823807927,1587008660.5105777,-0.014369330865868335,184,0.524547803617571,387,0.4754521963824289,0.9065420560747663,0.055239179954441914,,D4,clean_peak_percentile,43,0.0,43,1.0,0.065643709862658,0.0018016373732039268,0.001,all,,5.378603476214496,input_specific_validation_background,194,62,0.7633587786259541,262,0.2366412213740458
14165,-0.044751302165224965,0.0020115776834473166,0.0009068863974684542,0.0002940216546891256,0.10413311862587224,20,3318,20,0.0014228650720085345,0.003793311769113526,balanced_mild_model_clean,default,0.0014119308153900459,14,0.0,14,1.0,0.04496563823807927,1587008660.5105777,-0.014369330865868335,56,0.7241379310344828,203,0.27586206896551724,0.9065420560747663,0.055239179954441914,,D4,clean_peak_percentile,0,,0,,0.065643709862658,0.0018016373732039268,0.001,non_overlap_only,,5.378603476214496,input_specific_validation_background,194,42,0.7777777777777778,189,0.2222222222222222
14165,-0.044751302165224965,0.012414858227746371,0.00938566448762382,0.0007590769430593092,0.13719512195121952,154,3242,154,0.010392613696586759,0.009930759359901637,balanced_mild_model_clean,default,0.010871867278503353,154,0.0,154,1.0,0.04496563823807927,1587008660.5105777,-0.014369330865868335,224,0.4211886304909561,387,0.5788113695090439,0.6367924528301887,0.07687927107061504,,D4,cfar_margin,36,0.0,36,1.0,0.065643709862658,0.0018016373732039268,0.01,all,,3.9020908619305015,input_specific_validation_background,270,34,0.8274111675126904,197,0.17258883248730963
14165,-0.044751302165224965,0.012414858227746371,0.00938566448762382,0.0007590769430593092,0.13719512195121952,154,3242,154,0.010392613696586759,0.009930759359901637,balanced_mild_model_clean,default,0.010871867278503353,61,0.0,61,1.0,0.04496563823807927,1587008660.5105777,-0.014369330865868335,86,0.5763546798029557,203,0.4236453201970443,0.6367924528301887,0.07687927107061504,,D4,cfar_margin,0,,0,,0.065643709862658,0.0018016373732039268,0.01,non_overlap_only,,3.9020908619305015,input_specific_validation_background,270,25,0.823943661971831,142,0.176056338028169
14165,-0.044751302165224965,0.0020115776834473166,0.0009068863974684542,0.0002940216546891256,0.10413311862587224,20,3318,20,0.0014228650720085345,0.003793311769113526,balanced_mild_model_clean,default,0.0014119308153900459,148,0.038961038961038974,154,0.961038961038961,0.04496563823807927,1587008660.5105777,-0.014369330865868335,184,0.524547803617571,387,0.4754521963824289,0.9065420560747663,0.055239179954441914,,D4,cfar_margin,36,0.0,36,1.0,0.065643709862658,0.0018016373732039268,0.001,all,,5.378603476214496,input_specific_validation_background,194,0,1.0,197,0.0
14165,-0.044751302165224965,0.0020115776834473166,0.0009068863974684542,0.0002940216546891256,0.10413311862587224,20,3318,20,0.0014228650720085345,0.003793311769113526,balanced_mild_model_clean,default,0.0014119308153900459,56,0.08196721311475408,61,0.9180327868852459,0.04496563823807927,1587008660.5105777,-0.014369330865868335,56,0.7241379310344828,203,0.27586206896551724,0.9065420560747663,0.055239179954441914,,D4,cfar_margin,0,,0,,0.065643709862658,0.0018016373732039268,0.001,non_overlap_only,,5.378603476214496,input_specific_validation_background,194,0,1.0,142,0.0
15058,-0.05586685714596787,0.012185112142325065,0.009325178047441526,0.0007325115618792163,0.18871940404398724,162,2125,162,0.010371549997184693,0.009493839516659316,balanced_full_model_clean,narrow,0.010758400850046488,88,0.22807017543859653,114,0.7719298245614035,0.08177227784145832,2020502123.8440273,-0.051907839046613446,183,0.5271317829457365,387,0.4728682170542636,0.6214953271028038,0.11125052279381012,,D4,clean_peak_percentile,30,0.0,30,1.0,0.07230975154181482,-0.019398923475864027,0.01,all,,3.9121969166887176,input_specific_validation_background,266,65,0.7325102880658436,243,0.2674897119341564
15058,-0.05586685714596787,0.012185112142325065,0.009325178047441526,0.0007325115618792163,0.18871940404398724,162,2125,162,0.010371549997184693,0.009493839516659316,balanced_full_model_clean,narrow,0.010758400850046488,54,0.20588235294117652,68,0.7941176470588235,0.08177227784145832,2020502123.8440273,-0.051907839046613446,121,0.5870307167235496,293,0.4129692832764505,0.6214953271028038,0.11125052279381012,,D4,clean_peak_percentile,8,0.0,8,1.0,0.07230975154181482,-0.019398923475864027,0.01,non_overlap_only,,3.9121969166887176,input_specific_validation_background,266,59,0.728110599078341,217,0.271889400921659
15058,-0.05586685714596787,0.0016916740582373216,0.0007227985818873404,0.00024827380407076296,0.14840445982314496,17,2198,17,0.0011065058949958583,0.0032174337473265327,balanced_full_model_clean,narrow,0.001128967990436977,82,0.2807017543859649,114,0.7192982456140351,0.08177227784145832,2020502123.8440273,-0.051907839046613446,148,0.6175710594315246,387,0.38242894056847543,0.919047619047619,0.0807193642827269,,D4,clean_peak_percentile,30,0.0,30,1.0,0.07230975154181482,-0.019398923475864027,0.001,all,,5.426638220519483,input_specific_validation_background,193,36,0.8518518518518519,243,0.14814814814814814
15058,-0.05586685714596787,0.0016916740582373216,0.0007227985818873404,0.00024827380407076296,0.14840445982314496,17,2198,17,0.0011065058949958583,0.0032174337473265327,balanced_full_model_clean,narrow,0.001128967990436977,53,0.22058823529411764,68,0.7794117647058824,0.08177227784145832,2020502123.8440273,-0.051907839046613446,93,0.68259385665529,293,0.3174061433447099,0.919047619047619,0.0807193642827269,,D4,clean_peak_percentile,8,0.0,8,1.0,0.07230975154181482,-0.019398923475864027,0.001,non_overlap_only,,5.426638220519483,input_specific_validation_background,193,32,0.8525345622119815,217,0.14746543778801843
15058,-0.05586685714596787,0.012185112142325065,0.009325178047441526,0.0007325115618792163,0.18871940404398724,162,2125,162,0.010371549997184693,0.009493839516659316,balanced_full_model_clean,narrow,0.010758400850046488,141,0.16568047337278102,169,0.834319526627219,0.08177227784145832,2020502123.8440273,-0.051907839046613446,183,0.5271317829457365,387,0.4728682170542636,0.6214953271028038,0.11125052279381012,,D4,cfar_margin,42,0.0,42,1.0,0.07230975154181482,-0.019398923475864027,0.01,all,,3.9121969166887176,input_specific_validation_background,266,0,1.0,176,0.0
15058,-0.05586685714596787,0.012185112142325065,0.009325178047441526,0.0007325115618792163,0.18871940404398724,162,2125,162,0.010371549997184693,0.009493839516659316,balanced_full_model_clean,narrow,0.010758400850046488,103,0.2137404580152672,131,0.7862595419847328,0.08177227784145832,2020502123.8440273,-0.051907839046613446,121,0.5870307167235496,293,0.4129692832764505,0.6214953271028038,0.11125052279381012,,D4,cfar_margin,18,0.0,18,1.0,0.07230975154181482,-0.019398923475864027,0.01,non_overlap_only,,3.9121969166887176,input_specific_validation_background,266,0,1.0,144,0.0
15058,-0.05586685714596787,0.0016916740582373216,0.0007227985818873404,0.00024827380407076296,0.14840445982314496,17,2198,17,0.0011065058949958583,0.0032174337473265327,balanced_full_model_clean,narrow,0.001128967990436977,106,0.3727810650887574,169,0.6272189349112426,0.08177227784145832,2020502123.8440273,-0.051907839046613446,148,0.6175710594315246,387,0.38242894056847543,0.919047619047619,0.0807193642827269,,D4,cfar_margin,42,0.0,42,1.0,0.07230975154181482,-0.019398923475864027,0.001,all,,5.426638220519483,input_specific_validation_background,193,0,1.0,176,0.0
15058,-0.05586685714596787,0.0016916740582373216,0.0007227985818873404,0.00024827380407076296,0.14840445982314496,17,2198,17,0.0011065058949958583,0.0032174337473265327,balanced_full_model_clean,narrow,0.001128967990436977,75,0.4274809160305344,131,0.5725190839694656,0.08177227784145832,2020502123.8440273,-0.051907839046613446,93,0.68259385665529,293,0.3174061433447099,0.919047619047619,0.0807193642827269,,D4,cfar_margin,18,0.0,18,1.0,0.07230975154181482,-0.019398923475864027,0.001,non_overlap_only,,5.426638220519483,input_specific_validation_background,193,0,1.0,144,0.0
14165,-0.05504532005956306,0.01224906956144193,0.00915725641104918,0.0007849031482522261,0.13770325203252032,153,3241,153,0.010286149320615778,0.01013394527778936,balanced_full_model_clean,default,0.010801270737733851,80,0.024390243902439046,82,0.975609756097561,0.08177227784145832,2020502123.8440273,-0.051305360561094915,223,0.42377260981912146,387,0.5762273901808785,0.6391509433962265,0.07716400911161732,,D4,clean_peak_percentile,43,0.0,43,1.0,0.07705101800096073,-0.024902633547539584,0.01,all,,3.927978649266908,input_specific_validation_background,271,100,0.6183206106870229,262,0.3816793893129771
14165,-0.05504532005956306,0.01224906956144193,0.00915725641104918,0.0007849031482522261,0.13770325203252032,153,3241,153,0.010286149320615778,0.01013394527778936,balanced_full_model_clean,default,0.010801270737733851,14,0.0,14,1.0,0.08177227784145832,2020502123.8440273,-0.051305360561094915,85,0.5812807881773399,203,0.4187192118226601,0.6391509433962265,0.07716400911161732,,D4,clean_peak_percentile,0,,0,,0.07705101800096073,-0.024902633547539584,0.01,non_overlap_only,,3.927978649266908,input_specific_validation_background,271,71,0.6243386243386244,189,0.37566137566137564
14165,-0.05504532005956306,0.0018008958830179474,0.0007643125856715405,0.0002642332875284645,0.10370768404083826,17,3319,17,0.0011864783643118731,0.0034628291043782683,balanced_full_model_clean,default,0.001200141193081539,76,0.07317073170731703,82,0.926829268292683,0.08177227784145832,2020502123.8440273,-0.051305360561094915,182,0.5297157622739018,387,0.4702842377260982,0.919047619047619,0.054954441913439636,,D4,clean_peak_percentile,43,0.0,43,1.0,0.07705101800096073,-0.024902633547539584,0.001,all,,5.426388943861957,input_specific_validation_background,193,63,0.7595419847328244,262,0.24045801526717558
14165,-0.05504532005956306,0.0018008958830179474,0.0007643125856715405,0.0002642332875284645,0.10370768404083826,17,3319,17,0.0011864783643118731,0.0034628291043782683,balanced_full_model_clean,default,0.001200141193081539,14,0.0,14,1.0,0.08177227784145832,2020502123.8440273,-0.051305360561094915,57,0.7192118226600985,203,0.28078817733990147,0.919047619047619,0.054954441913439636,,D4,clean_peak_percentile,0,,0,,0.07705101800096073,-0.024902633547539584,0.001,non_overlap_only,,5.426388943861957,input_specific_validation_background,193,43,0.7724867724867726,189,0.2275132275132275
14165,-0.05504532005956306,0.01224906956144193,0.00915725641104918,0.0007849031482522261,0.13770325203252032,153,3241,153,0.010286149320615778,0.01013394527778936,balanced_full_model_clean,default,0.010801270737733851,154,0.0,154,1.0,0.08177227784145832,2020502123.8440273,-0.051305360561094915,223,0.42377260981912146,387,0.5762273901808785,0.6391509433962265,0.07716400911161732,,D4,cfar_margin,36,0.0,36,1.0,0.07705101800096073,-0.024902633547539584,0.01,all,,3.927978649266908,input_specific_validation_background,271,33,0.8324873096446701,197,0.16751269035532995
14165,-0.05504532005956306,0.01224906956144193,0.00915725641104918,0.0007849031482522261,0.13770325203252032,153,3241,153,0.010286149320615778,0.01013394527778936,balanced_full_model_clean,default,0.010801270737733851,61,0.0,61,1.0,0.08177227784145832,2020502123.8440273,-0.051305360561094915,85,0.5812807881773399,203,0.4187192118226601,0.6391509433962265,0.07716400911161732,,D4,cfar_margin,0,,0,,0.07705101800096073,-0.024902633547539584,0.01,non_overlap_only,,3.927978649266908,input_specific_validation_background,271,24,0.8309859154929577,142,0.16901408450704225
14165,-0.05504532005956306,0.0018008958830179474,0.0007643125856715405,0.0002642332875284645,0.10370768404083826,17,3319,17,0.0011864783643118731,0.0034628291043782683,balanced_full_model_clean,default,0.001200141193081539,146,0.051948051948051965,154,0.948051948051948,0.08177227784145832,2020502123.8440273,-0.051305360561094915,182,0.5297157622739018,387,0.4702842377260982,0.919047619047619,0.054954441913439636,,D4,cfar_margin,36,0.0,36,1.0,0.07705101800096073,-0.024902633547539584,0.001,all,,5.426388943861957,input_specific_validation_background,193,0,1.0,197,0.0
14165,-0.05504532005956306,0.0018008958830179474,0.0007643125856715405,0.0002642332875284645,0.10370768404083826,17,3319,17,0.0011864783643118731,0.0034628291043782683,balanced_full_model_clean,default,0.001200141193081539,57,0.06557377049180324,61,0.9344262295081968,0.08177227784145832,2020502123.8440273,-0.051305360561094915,57,0.7192118226600985,203,0.28078817733990147,0.919047619047619,0.054954441913439636,,D4,cfar_margin,0,,0,,0.07705101800096073,-0.024902633547539584,0.001,non_overlap_only,,5.426388943861957,input_specific_validation_background,193,0,1.0,142,0.0
15058,-0.06152387239315717,0.012414577742959461,0.009592616798408364,0.0007226146343105356,0.18659098971266408,165,2128,165,0.01059582174716248,0.009461199019064745,focal_g1_a0p25_model_clean,narrow,0.010957630495417718,88,0.22807017543859653,114,0.7719298245614035,0.05635040509201576,1550369897.5920346,-0.0029180114320794814,182,0.5297157622739018,387,0.4702842377260982,0.6144859813084113,0.10999581764951903,,D4,clean_peak_percentile,30,0.0,30,1.0,0.04519960785757576,0.011385694345361245,0.01,all,,3.935549042379248,input_specific_validation_background,263,64,0.7366255144032922,243,0.26337448559670784
15058,-0.06152387239315717,0.012414577742959461,0.009592616798408364,0.0007226146343105356,0.18659098971266408,165,2128,165,0.01059582174716248,0.009461199019064745,focal_g1_a0p25_model_clean,narrow,0.010957630495417718,54,0.20588235294117652,68,0.7941176470588235,0.05635040509201576,1550369897.5920346,-0.0029180114320794814,122,0.5836177474402731,293,0.41638225255972694,0.6144859813084113,0.10999581764951903,,D4,clean_peak_percentile,8,0.0,8,1.0,0.04519960785757576,0.011385694345361245,0.01,non_overlap_only,,3.935549042379248,input_specific_validation_background,263,60,0.7235023041474654,217,0.2764976958525346
15058,-0.06152387239315717,0.0017850710811011103,0.0007984280535898551,0.0002698478476541186,0.14900153609831032,19,2197,19,0.0012515777349483177,0.003420376035878606,focal_g1_a0p25_model_clean,narrow,0.0012617877540177977,85,0.2543859649122807,114,0.7456140350877193,0.05635040509201576,1550369897.5920346,-0.0029180114320794814,149,0.6149870801033592,387,0.3850129198966408,0.9107981220657277,0.08113759933082393,,D4,clean_peak_percentile,30,0.0,30,1.0,0.04519960785757576,0.011385694345361245,0.001,all,,5.464651952715443,input_specific_validation_background,194,34,0.8600823045267489,243,0.13991769547325103
15058,-0.06152387239315717,0.0017850710811011103,0.0007984280535898551,0.0002698478476541186,0.14900153609831032,19,2197,19,0.0012515777349483177,0.003420376035878606,focal_g1_a0p25_model_clean,narrow,0.0012617877540177977,53,0.22058823529411764,68,0.7794117647058824,0.05635040509201576,1550369897.5920346,-0.0029180114320794814,91,0.689419795221843,293,0.310580204778157,0.9107981220657277,0.08113759933082393,,D4,clean_peak_percentile,8,0.0,8,1.0,0.04519960785757576,0.011385694345361245,0.001,non_overlap_only,,5.464651952715443,input_specific_validation_background,194,30,0.8617511520737327,217,0.1382488479262673
15058,-0.06152387239315717,0.012414577742959461,0.009592616798408364,0.0007226146343105356,0.18659098971266408,165,2128,165,0.01059582174716248,0.009461199019064745,focal_g1_a0p25_model_clean,narrow,0.010957630495417718,140,0.17159763313609466,169,0.8284023668639053,0.05635040509201576,1550369897.5920346,-0.0029180114320794814,182,0.5297157622739018,387,0.4702842377260982,0.6144859813084113,0.10999581764951903,,D4,cfar_margin,42,0.0,42,1.0,0.04519960785757576,0.011385694345361245,0.01,all,,3.935549042379248,input_specific_validation_background,263,0,1.0,176,0.0
15058,-0.06152387239315717,0.012414577742959461,0.009592616798408364,0.0007226146343105356,0.18659098971266408,165,2128,165,0.01059582174716248,0.009461199019064745,focal_g1_a0p25_model_clean,narrow,0.010957630495417718,104,0.20610687022900764,131,0.7938931297709924,0.05635040509201576,1550369897.5920346,-0.0029180114320794814,122,0.5836177474402731,293,0.41638225255972694,0.6144859813084113,0.10999581764951903,,D4,cfar_margin,18,0.0,18,1.0,0.04519960785757576,0.011385694345361245,0.01,non_overlap_only,,3.935549042379248,input_specific_validation_background,263,0,1.0,144,0.0
15058,-0.06152387239315717,0.0017850710811011103,0.0007984280535898551,0.0002698478476541186,0.14900153609831032,19,2197,19,0.0012515777349483177,0.003420376035878606,focal_g1_a0p25_model_clean,narrow,0.0012617877540177977,107,0.3668639053254438,169,0.6331360946745562,0.05635040509201576,1550369897.5920346,-0.0029180114320794814,149,0.6149870801033592,387,0.3850129198966408,0.9107981220657277,0.08113759933082393,,D4,cfar_margin,42,0.0,42,1.0,0.04519960785757576,0.011385694345361245,0.001,all,,5.464651952715443,input_specific_validation_background,194,0,1.0,176,0.0
15058,-0.06152387239315717,0.0017850710811011103,0.0007984280535898551,0.0002698478476541186,0.14900153609831032,19,2197,19,0.0012515777349483177,0.003420376035878606,focal_g1_a0p25_model_clean,narrow,0.0012617877540177977,73,0.4427480916030534,131,0.5572519083969466,0.05635040509201576,1550369897.5920346,-0.0029180114320794814,91,0.689419795221843,293,0.310580204778157,0.9107981220657277,0.08113759933082393,,D4,cfar_margin,18,0.0,18,1.0,0.04519960785757576,0.011385694345361245,0.001,non_overlap_only,,5.464651952715443,input_specific_validation_background,194,0,1.0,144,0.0
14165,-0.06179468954009824,0.011985360753334584,0.009100533809542958,0.0007441583203051895,0.13353720693170235,150,3250,150,0.010092459141672791,0.009722479506762206,focal_g1_a0p25_model_clean,default,0.010589481115425344,80,0.024390243902439046,82,0.975609756097561,0.05635040509201576,1550369897.5920346,0.0009107078239125599,219,0.43410852713178294,387,0.5658914728682171,0.6359223300970874,0.0746013667425968,,D4,clean_peak_percentile,43,0.0,43,1.0,0.0490761801709623,0.007022547773124489,0.01,all,,4.013009800909041,input_specific_validation_background,262,96,0.633587786259542,262,0.366412213740458
14165,-0.06179468954009824,0.011985360753334584,0.009100533809542958,0.0007441583203051895,0.13353720693170235,150,3250,150,0.010092459141672791,0.009722479506762206,focal_g1_a0p25_model_clean,default,0.010589481115425344,14,0.0,14,1.0,0.05635040509201576,1550369897.5920346,0.0009107078239125599,83,0.5911330049261083,203,0.4088669950738916,0.6359223300970874,0.0746013667425968,,D4,clean_peak_percentile,0,,0,,0.0490761801709623,0.007022547773124489,0.01,non_overlap_only,,4.013009800909041,input_specific_validation_background,262,69,0.6349206349206349,189,0.36507936507936506
14165,-0.06179468954009824,0.001891794351189021,0.0008492070417843565,0.00028734124072160073,0.10416107382550335,19,3318,19,0.0013526403529074108,0.003714173054513007,focal_g1_a0p25_model_clean,default,0.0013413342746205436,79,0.03658536585365857,82,0.9634146341463414,0.05635040509201576,1550369897.5920346,0.0009107078239125599,183,0.5271317829457365,387,0.4728682170542636,0.9107981220657277,0.055239179954441914,,D4,clean_peak_percentile,43,0.0,43,1.0,0.0490761801709623,0.007022547773124489,0.001,all,,5.464558798788584,input_specific_validation_background,194,61,0.767175572519084,262,0.23282442748091603
14165,-0.06179468954009824,0.001891794351189021,0.0008492070417843565,0.00028734124072160073,0.10416107382550335,19,3318,19,0.0013526403529074108,0.003714173054513007,focal_g1_a0p25_model_clean,default,0.0013413342746205436,14,0.0,14,1.0,0.05635040509201576,1550369897.5920346,0.0009107078239125599,55,0.729064039408867,203,0.270935960591133,0.9107981220657277,0.055239179954441914,,D4,clean_peak_percentile,0,,0,,0.0490761801709623,0.007022547773124489,0.001,non_overlap_only,,5.464558798788584,input_specific_validation_background,194,41,0.783068783068783,189,0.21693121693121692
14165,-0.06179468954009824,0.011985360753334584,0.009100533809542958,0.0007441583203051895,0.13353720693170235,150,3250,150,0.010092459141672791,0.009722479506762206,focal_g1_a0p25_model_clean,default,0.010589481115425344,154,0.0,154,1.0,0.05635040509201576,1550369897.5920346,0.0009107078239125599,219,0.43410852713178294,387,0.5658914728682171,0.6359223300970874,0.0746013667425968,,D4,cfar_margin,36,0.0,36,1.0,0.0490761801709623,0.007022547773124489,0.01,all,,4.013009800909041,input_specific_validation_background,262,29,0.8527918781725888,197,0.14720812182741116
14165,-0.06179468954009824,0.011985360753334584,0.009100533809542958,0.0007441583203051895,0.13353720693170235,150,3250,150,0.010092459141672791,0.009722479506762206,focal_g1_a0p25_model_clean,default,0.010589481115425344,61,0.0,61,1.0,0.05635040509201576,1550369897.5920346,0.0009107078239125599,83,0.5911330049261083,203,0.4088669950738916,0.6359223300970874,0.0746013667425968,,D4,cfar_margin,0,,0,,0.0490761801709623,0.007022547773124489,0.01,non_overlap_only,,4.013009800909041,input_specific_validation_background,262,22,0.8450704225352113,142,0.15492957746478872
14165,-0.06179468954009824,0.001891794351189021,0.0008492070417843565,0.00028734124072160073,0.10416107382550335,19,3318,19,0.0013526403529074108,0.003714173054513007,focal_g1_a0p25_model_clean,default,0.0013413342746205436,147,0.045454545454545414,154,0.9545454545454546,0.05635040509201576,1550369897.5920346,0.0009107078239125599,183,0.5271317829457365,387,0.4728682170542636,0.9107981220657277,0.055239179954441914,,D4,cfar_margin,36,0.0,36,1.0,0.0490761801709623,0.007022547773124489,0.001,all,,5.464558798788584,input_specific_validation_background,194,0,1.0,197,0.0
14165,-0.06179468954009824,0.001891794351189021,0.0008492070417843565,0.00028734124072160073,0.10416107382550335,19,3318,19,0.0013526403529074108,0.003714173054513007,focal_g1_a0p25_model_clean,default,0.0013413342746205436,55,0.09836065573770492,61,0.9016393442622951,0.05635040509201576,1550369897.5920346,0.0009107078239125599,55,0.729064039408867,203,0.270935960591133,0.9107981220657277,0.055239179954441914,,D4,cfar_margin,0,,0,,0.0490761801709623,0.007022547773124489,0.001,non_overlap_only,,5.464558798788584,input_specific_validation_background,194,0,1.0,142,0.0
15058,-0.029213009475376823,0.012322579061849331,0.009438594559359309,0.0007199653351217304,0.18285307719672714,163,2134,163,0.010479633581954206,0.009226782689102422,focal_g1_a0p5_model_clean,narrow,0.010824810731836897,88,0.22807017543859653,114,0.7719298245614035,0.06017985001224664,1658527876.6503756,0.017068722925010604,180,0.5348837209302326,387,0.46511627906976744,0.611904761904762,0.10748640736093684,,D4,clean_peak_percentile,30,0.0,30,1.0,0.042891313659352275,0.013974215260610599,0.01,all,,3.977960252638921,input_specific_validation_background,257,62,0.7448559670781894,243,0.2551440329218107
15058,-0.029213009475376823,0.012322579061849331,0.009438594559359309,0.0007199653351217304,0.18285307719672714,163,2134,163,0.010479633581954206,0.009226782689102422,focal_g1_a0p5_model_clean,narrow,0.010824810731836897,54,0.20588235294117652,68,0.7941176470588235,0.06017985001224664,1658527876.6503756,0.017068722925010604,120,0.590443686006826,293,0.40955631399317405,0.611904761904762,0.10748640736093684,,D4,clean_peak_percentile,8,0.0,8,1.0,0.042891313659352275,0.013974215260610599,0.01,non_overlap_only,,3.977960252638921,input_specific_validation_background,257,58,0.7327188940092166,217,0.2672811059907834
15058,-0.029213009475376823,0.001896265779534851,0.0008640077227868773,0.0002685202695583636,0.14467102731819928,20,2203,20,0.0013160107246390396,0.0034925338154044518,focal_g1_a0p5_model_clean,narrow,0.0013281976358082083,82,0.2807017543859649,114,0.7192982456140351,0.06017985001224664,1658527876.6503756,0.017068722925010604,146,0.6227390180878554,387,0.3772609819121447,0.9038461538461539,0.07862818904224174,,D4,clean_peak_percentile,30,0.0,30,1.0,0.042891313659352275,0.013974215260610599,0.001,all,,5.525367920804149,input_specific_validation_background,188,34,0.8600823045267489,243,0.13991769547325103
15058,-0.029213009475376823,0.001896265779534851,0.0008640077227868773,0.0002685202695583636,0.14467102731819928,20,2203,20,0.0013160107246390396,0.0034925338154044518,focal_g1_a0p5_model_clean,narrow,0.0013281976358082083,53,0.22058823529411764,68,0.7794117647058824,0.06017985001224664,1658527876.6503756,0.017068722925010604,91,0.689419795221843,293,0.310580204778157,0.9038461538461539,0.07862818904224174,,D4,clean_peak_percentile,8,0.0,8,1.0,0.042891313659352275,0.013974215260610599,0.001,non_overlap_only,,5.525367920804149,input_specific_validation_background,188,30,0.8617511520737327,217,0.1382488479262673
15058,-0.029213009475376823,0.012322579061849331,0.009438594559359309,0.0007199653351217304,0.18285307719672714,163,2134,163,0.010479633581954206,0.009226782689102422,focal_g1_a0p5_model_clean,narrow,0.010824810731836897,138,0.18343195266272194,169,0.8165680473372781,0.06017985001224664,1658527876.6503756,0.017068722925010604,180,0.5348837209302326,387,0.46511627906976744,0.611904761904762,0.10748640736093684,,D4,cfar_margin,42,0.0,42,1.0,0.042891313659352275,0.013974215260610599,0.01,all,,3.977960252638921,input_specific_validation_background,257,0,1.0,176,0.0
15058,-0.029213009475376823,0.012322579061849331,0.009438594559359309,0.0007199653351217304,0.18285307719672714,163,2134,163,0.010479633581954206,0.009226782689102422,focal_g1_a0p5_model_clean,narrow,0.010824810731836897,102,0.22137404580152675,131,0.7786259541984732,0.06017985001224664,1658527876.6503756,0.017068722925010604,120,0.590443686006826,293,0.40955631399317405,0.611904761904762,0.10748640736093684,,D4,cfar_margin,18,0.0,18,1.0,0.042891313659352275,0.013974215260610599,0.01,non_overlap_only,,3.977960252638921,input_specific_validation_background,257,0,1.0,144,0.0
15058,-0.029213009475376823,0.001896265779534851,0.0008640077227868773,0.0002685202695583636,0.14467102731819928,20,2203,20,0.0013160107246390396,0.0034925338154044518,focal_g1_a0p5_model_clean,narrow,0.0013281976358082083,104,0.3846153846153846,169,0.6153846153846154,0.06017985001224664,1658527876.6503756,0.017068722925010604,146,0.6227390180878554,387,0.3772609819121447,0.9038461538461539,0.07862818904224174,,D4,cfar_margin,42,0.0,42,1.0,0.042891313659352275,0.013974215260610599,0.001,all,,5.525367920804149,input_specific_validation_background,188,0,1.0,176,0.0
15058,-0.029213009475376823,0.001896265779534851,0.0008640077227868773,0.0002685202695583636,0.14467102731819928,20,2203,20,0.0013160107246390396,0.0034925338154044518,focal_g1_a0p5_model_clean,narrow,0.0013281976358082083,73,0.4427480916030534,131,0.5572519083969466,0.06017985001224664,1658527876.6503756,0.017068722925010604,91,0.689419795221843,293,0.310580204778157,0.9038461538461539,0.07862818904224174,,D4,cfar_margin,18,0.0,18,1.0,0.042891313659352275,0.013974215260610599,0.001,non_overlap_only,,5.525367920804149,input_specific_validation_background,188,0,1.0,144,0.0
14165,-0.028834766302894783,0.01234135234346932,0.00941775287571893,0.0007433290021708589,0.133876304403156,154,3249,154,0.010393208481902186,0.009721435250426303,focal_g1_a0p5_model_clean,default,0.010871867278503353,80,0.024390243902439046,82,0.975609756097561,0.06017985001224664,1658527876.6503756,0.01944338690064029,220,0.4315245478036176,387,0.5684754521963824,0.6306954436450839,0.07488610478359908,,D4,clean_peak_percentile,43,0.0,43,1.0,0.04812927060089418,0.013949323685515274,0.01,all,,3.9925412177879323,input_specific_validation_background,263,97,0.6297709923664122,262,0.3702290076335878
14165,-0.028834766302894783,0.01234135234346932,0.00941775287571893,0.0007433290021708589,0.133876304403156,154,3249,154,0.010393208481902186,0.009721435250426303,focal_g1_a0p5_model_clean,default,0.010871867278503353,14,0.0,14,1.0,0.06017985001224664,1658527876.6503756,0.01944338690064029,84,0.5862068965517242,203,0.41379310344827586,0.6306954436450839,0.07488610478359908,,D4,clean_peak_percentile,0,,0,,0.04812927060089418,0.013949323685515274,0.01,non_overlap_only,,3.9925412177879323,input_specific_validation_background,263,70,0.6296296296296297,189,0.37037037037037035
14165,-0.028834766302894783,0.0020172840031070453,0.0009182542759887145,0.00028599946398128774,0.1010752688172043,20,3324,20,0.0014198446539826794,0.0037856816367760285,focal_g1_a0p5_model_clean,default,0.0014119308153900459,76,0.07317073170731703,82,0.926829268292683,0.06017985001224664,1658527876.6503756,0.01944338690064029,179,0.5374677002583979,387,0.4625322997416021,0.9038461538461539,0.05353075170842825,,D4,clean_peak_percentile,43,0.0,43,1.0,0.04812927060089418,0.013949323685515274,0.001,all,,5.52505011550848,input_specific_validation_background,188,60,0.7709923664122138,262,0.22900763358778625
14165,-0.028834766302894783,0.0020172840031070453,0.0009182542759887145,0.00028599946398128774,0.1010752688172043,20,3324,20,0.0014198446539826794,0.0037856816367760285,focal_g1_a0p5_model_clean,default,0.0014119308153900459,14,0.0,14,1.0,0.06017985001224664,1658527876.6503756,0.01944338690064029,55,0.729064039408867,203,0.270935960591133,0.9038461538461539,0.05353075170842825,,D4,clean_peak_percentile,0,,0,,0.04812927060089418,0.013949323685515274,0.001,non_overlap_only,,5.52505011550848,input_specific_validation_background,188,41,0.783068783068783,189,0.21693121693121692
14165,-0.028834766302894783,0.01234135234346932,0.00941775287571893,0.0007433290021708589,0.133876304403156,154,3249,154,0.010393208481902186,0.009721435250426303,focal_g1_a0p5_model_clean,default,0.010871867278503353,154,0.0,154,1.0,0.06017985001224664,1658527876.6503756,0.01944338690064029,220,0.4315245478036176,387,0.5684754521963824,0.6306954436450839,0.07488610478359908,,D4,cfar_margin,36,0.0,36,1.0,0.04812927060089418,0.013949323685515274,0.01,all,,3.9925412177879323,input_specific_validation_background,263,30,0.8477157360406091,197,0.15228426395939088
14165,-0.028834766302894783,0.01234135234346932,0.00941775287571893,0.0007433290021708589,0.133876304403156,154,3249,154,0.010393208481902186,0.009721435250426303,focal_g1_a0p5_model_clean,default,0.010871867278503353,61,0.0,61,1.0,0.06017985001224664,1658527876.6503756,0.01944338690064029,84,0.5862068965517242,203,0.41379310344827586,0.6306954436450839,0.07488610478359908,,D4,cfar_margin,0,,0,,0.04812927060089418,0.013949323685515274,0.01,non_overlap_only,,3.9925412177879323,input_specific_validation_background,263,23,0.8380281690140845,142,0.1619718309859155
14165,-0.028834766302894783,0.0020172840031070453,0.0009182542759887145,0.00028599946398128774,0.1010752688172043,20,3324,20,0.0014198446539826794,0.0037856816367760285,focal_g1_a0p5_model_clean,default,0.0014119308153900459,143,0.0714285714285714,154,0.9285714285714286,0.06017985001224664,1658527876.6503756,0.01944338690064029,179,0.5374677002583979,387,0.4625322997416021,0.9038461538461539,0.05353075170842825,,D4,cfar_margin,36,0.0,36,1.0,0.04812927060089418,0.013949323685515274,0.001,all,,5.52505011550848,input_specific_validation_background,188,0,1.0,197,0.0
14165,-0.028834766302894783,0.0020172840031070453,0.0009182542759887145,0.00028599946398128774,0.1010752688172043,20,3324,20,0.0014198446539826794,0.0037856816367760285,focal_g1_a0p5_model_clean,default,0.0014119308153900459,55,0.09836065573770492,61,0.9016393442622951,0.06017985001224664,1658527876.6503756,0.01944338690064029,55,0.729064039408867,203,0.270935960591133,0.9038461538461539,0.05353075170842825,,D4,cfar_margin,0,,0,,0.04812927060089418,0.013949323685515274,0.001,non_overlap_only,,5.52505011550848,input_specific_validation_background,188,0,1.0,142,0.0
15058,-0.02834942956032272,0.012161272997824506,0.00938444880383931,0.0007150937283338624,0.18298326806692772,161,2134,161,0.010334308053877644,0.009267647642875604,focal_g2_a0p25_model_clean,narrow,0.010691990968256076,88,0.22807017543859653,114,0.7719298245614035,0.03811133264273742,1655534825.488261,-0.00709671476992213,179,0.5374677002583979,387,0.4625322997416021,0.6148325358851675,0.10748640736093684,,D4,clean_peak_percentile,30,0.0,30,1.0,0.04169620952683883,0.007621667078632476,0.01,all,,4.003780847719421,input_specific_validation_background,257,61,0.7489711934156378,243,0.25102880658436216
15058,-0.02834942956032272,0.012161272997824506,0.00938444880383931,0.0007150937283338624,0.18298326806692772,161,2134,161,0.010334308053877644,0.009267647642875604,focal_g2_a0p25_model_clean,narrow,0.010691990968256076,54,0.20588235294117652,68,0.7941176470588235,0.03811133264273742,1655534825.488261,-0.00709671476992213,119,0.5938566552901023,293,0.4061433447098976,0.6148325358851675,0.10748640736093684,,D4,clean_peak_percentile,8,0.0,8,1.0,0.04169620952683883,0.007621667078632476,0.01,non_overlap_only,,4.003780847719421,input_specific_validation_background,257,57,0.7373271889400922,217,0.2626728110599078
15058,-0.02834942956032272,0.00171837251991887,0.0006720036647014578,0.00025828101780057044,0.1448382126348228,17,2203,17,0.001112944156516945,0.003237831689883497,focal_g2_a0p25_model_clean,narrow,0.001128967990436977,85,0.2543859649122807,114,0.7456140350877193,0.03811133264273742,1655534825.488261,-0.00709671476992213,148,0.6175710594315246,387,0.38242894056847543,0.9170731707317074,0.07862818904224174,,D4,clean_peak_percentile,30,0.0,30,1.0,0.04169620952683883,0.007621667078632476,0.001,all,,5.521993938876471,input_specific_validation_background,188,33,0.8641975308641976,243,0.13580246913580246
15058,-0.02834942956032272,0.00171837251991887,0.0006720036647014578,0.00025828101780057044,0.1448382126348228,17,2203,17,0.001112944156516945,0.003237831689883497,focal_g2_a0p25_model_clean,narrow,0.001128967990436977,53,0.22058823529411764,68,0.7794117647058824,0.03811133264273742,1655534825.488261,-0.00709671476992213,90,0.6928327645051194,293,0.30716723549488056,0.9170731707317074,0.07862818904224174,,D4,clean_peak_percentile,8,0.0,8,1.0,0.04169620952683883,0.007621667078632476,0.001,non_overlap_only,,5.521993938876471,input_specific_validation_background,188,29,0.8663594470046083,217,0.1336405529953917
15058,-0.02834942956032272,0.012161272997824506,0.00938444880383931,0.0007150937283338624,0.18298326806692772,161,2134,161,0.010334308053877644,0.009267647642875604,focal_g2_a0p25_model_clean,narrow,0.010691990968256076,137,0.18934911242603547,169,0.8106508875739645,0.03811133264273742,1655534825.488261,-0.00709671476992213,179,0.5374677002583979,387,0.4625322997416021,0.6148325358851675,0.10748640736093684,,D4,cfar_margin,42,0.0,42,1.0,0.04169620952683883,0.007621667078632476,0.01,all,,4.003780847719421,input_specific_validation_background,257,0,1.0,176,0.0
15058,-0.02834942956032272,0.012161272997824506,0.00938444880383931,0.0007150937283338624,0.18298326806692772,161,2134,161,0.010334308053877644,0.009267647642875604,focal_g2_a0p25_model_clean,narrow,0.010691990968256076,101,0.2290076335877863,131,0.7709923664122137,0.03811133264273742,1655534825.488261,-0.00709671476992213,119,0.5938566552901023,293,0.4061433447098976,0.6148325358851675,0.10748640736093684,,D4,cfar_margin,18,0.0,18,1.0,0.04169620952683883,0.007621667078632476,0.01,non_overlap_only,,4.003780847719421,input_specific_validation_background,257,0,1.0,144,0.0
15058,-0.02834942956032272,0.00171837251991887,0.0006720036647014578,0.00025828101780057044,0.1448382126348228,17,2203,17,0.001112944156516945,0.003237831689883497,focal_g2_a0p25_model_clean,narrow,0.001128967990436977,106,0.3727810650887574,169,0.6272189349112426,0.03811133264273742,1655534825.488261,-0.00709671476992213,148,0.6175710594315246,387,0.38242894056847543,0.9170731707317074,0.07862818904224174,,D4,cfar_margin,42,0.0,42,1.0,0.04169620952683883,0.007621667078632476,0.001,all,,5.521993938876471,input_specific_validation_background,188,0,1.0,176,0.0
15058,-0.02834942956032272,0.00171837251991887,0.0006720036647014578,0.00025828101780057044,0.1448382126348228,17,2203,17,0.001112944156516945,0.003237831689883497,focal_g2_a0p25_model_clean,narrow,0.001128967990436977,72,0.45038167938931295,131,0.549618320610687,0.03811133264273742,1655534825.488261,-0.00709671476992213,90,0.6928327645051194,293,0.30716723549488056,0.9170731707317074,0.07862818904224174,,D4,cfar_margin,18,0.0,18,1.0,0.04169620952683883,0.007621667078632476,0.001,non_overlap_only,,5.521993938876471,input_specific_validation_background,188,0,1.0,144,0.0
14165,-0.02719804083152677,0.01241215416587334,0.0094541646383754,0.0007564836396284322,0.13289205702647658,155,3251,155,0.010448512850049746,0.009883624698053243,focal_g2_a0p25_model_clean,default,0.010942463819272856,80,0.024390243902439046,82,0.975609756097561,0.03811133264273742,1655534825.488261,-0.0041698835351340335,219,0.43410852713178294,387,0.5658914728682171,0.6274038461538461,0.07431662870159453,,D4,clean_peak_percentile,43,0.0,43,1.0,0.04417892951035532,0.003944495405945204,0.01,all,,4.031814381035491,input_specific_validation_background,261,96,0.633587786259542,262,0.366412213740458
14165,-0.02719804083152677,0.01241215416587334,0.0094541646383754,0.0007564836396284322,0.13289205702647658,155,3251,155,0.010448512850049746,0.009883624698053243,focal_g2_a0p25_model_clean,default,0.010942463819272856,14,0.0,14,1.0,0.03811133264273742,1655534825.488261,-0.0041698835351340335,83,0.5911330049261083,203,0.4088669950738916,0.6274038461538461,0.07431662870159453,,D4,clean_peak_percentile,0,,0,,0.04417892951035532,0.003944495405945204,0.01,non_overlap_only,,4.031814381035491,input_specific_validation_background,261,69,0.6349206349206349,189,0.36507936507936506
14165,-0.02719804083152677,0.0018256250730644833,0.0007169527872241767,0.00027487796355762955,0.10115684691955878,17,3324,17,0.0012009590663577031,0.003511231418453395,focal_g2_a0p25_model_clean,default,0.001200141193081539,79,0.03658536585365857,82,0.9634146341463414,0.03811133264273742,1655534825.488261,-0.0041698835351340335,181,0.5322997416020672,387,0.46770025839793283,0.9170731707317074,0.05353075170842825,,D4,clean_peak_percentile,43,0.0,43,1.0,0.04417892951035532,0.003944495405945204,0.001,all,,5.5218879437441295,input_specific_validation_background,188,59,0.7748091603053435,262,0.22519083969465647
14165,-0.02719804083152677,0.0018256250730644833,0.0007169527872241767,0.00027487796355762955,0.10115684691955878,17,3324,17,0.0012009590663577031,0.003511231418453395,focal_g2_a0p25_model_clean,default,0.001200141193081539,14,0.0,14,1.0,0.03811133264273742,1655534825.488261,-0.0041698835351340335,54,0.7339901477832512,203,0.2660098522167488,0.9170731707317074,0.05353075170842825,,D4,clean_peak_percentile,0,,0,,0.04417892951035532,0.003944495405945204,0.001,non_overlap_only,,5.5218879437441295,input_specific_validation_background,188,40,0.7883597883597884,189,0.21164021164021163
14165,-0.02719804083152677,0.01241215416587334,0.0094541646383754,0.0007564836396284322,0.13289205702647658,155,3251,155,0.010448512850049746,0.009883624698053243,focal_g2_a0p25_model_clean,default,0.010942463819272856,154,0.0,154,1.0,0.03811133264273742,1655534825.488261,-0.0041698835351340335,219,0.43410852713178294,387,0.5658914728682171,0.6274038461538461,0.07431662870159453,,D4,cfar_margin,36,0.0,36,1.0,0.04417892951035532,0.003944495405945204,0.01,all,,4.031814381035491,input_specific_validation_background,261,29,0.8527918781725888,197,0.14720812182741116
14165,-0.02719804083152677,0.01241215416587334,0.0094541646383754,0.0007564836396284322,0.13289205702647658,155,3251,155,0.010448512850049746,0.009883624698053243,focal_g2_a0p25_model_clean,default,0.010942463819272856,61,0.0,61,1.0,0.03811133264273742,1655534825.488261,-0.0041698835351340335,83,0.5911330049261083,203,0.4088669950738916,0.6274038461538461,0.07431662870159453,,D4,cfar_margin,0,,0,,0.04417892951035532,0.003944495405945204,0.01,non_overlap_only,,4.031814381035491,input_specific_validation_background,261,22,0.8450704225352113,142,0.15492957746478872
14165,-0.02719804083152677,0.0018256250730644833,0.0007169527872241767,0.00027487796355762955,0.10115684691955878,17,3324,17,0.0012009590663577031,0.003511231418453395,focal_g2_a0p25_model_clean,default,0.001200141193081539,145,0.058441558441558406,154,0.9415584415584416,0.03811133264273742,1655534825.488261,-0.0041698835351340335,181,0.5322997416020672,387,0.46770025839793283,0.9170731707317074,0.05353075170842825,,D4,cfar_margin,36,0.0,36,1.0,0.04417892951035532,0.003944495405945204,0.001,all,,5.5218879437441295,input_specific_validation_background,188,0,1.0,197,0.0
14165,-0.02719804083152677,0.0018256250730644833,0.0007169527872241767,0.00027487796355762955,0.10115684691955878,17,3324,17,0.0012009590663577031,0.003511231418453395,focal_g2_a0p25_model_clean,default,0.001200141193081539,54,0.11475409836065575,61,0.8852459016393442,0.03811133264273742,1655534825.488261,-0.0041698835351340335,54,0.7339901477832512,203,0.2660098522167488,0.9170731707317074,0.05353075170842825,,D4,cfar_margin,0,,0,,0.04417892951035532,0.003944495405945204,0.001,non_overlap_only,,5.5218879437441295,input_specific_validation_background,188,0,1.0,142,0.0
15058,0.0044001207149426715,0.01221894530091389,0.009387751038716394,0.0007069403503177298,0.1816886355539722,161,2136,161,0.010338556382868241,0.009195837895041897,focal_g2_a0p5_model_clean,narrow,0.010691990968256076,88,0.22807017543859653,114,0.7719298245614035,0.046301839126765706,1231991843.5239608,0.014792052629090335,178,0.5400516795865633,387,0.4599483204134367,0.6129807692307693,0.10664993726474278,,D4,clean_peak_percentile,30,0.0,30,1.0,0.045908525858612194,0.011965997616810584,0.01,all,,4.029734321634301,input_specific_validation_background,255,60,0.7530864197530864,243,0.24691358024691357
15058,0.0044001207149426715,0.01221894530091389,0.009387751038716394,0.0007069403503177298,0.1816886355539722,161,2136,161,0.010338556382868241,0.009195837895041897,focal_g2_a0p5_model_clean,narrow,0.010691990968256076,54,0.20588235294117652,68,0.7941176470588235,0.046301839126765706,1231991843.5239608,0.014792052629090335,118,0.5972696245733788,293,0.40273037542662116,0.6129807692307693,0.10664993726474278,,D4,clean_peak_percentile,8,0.0,8,1.0,0.045908525858612194,0.011965997616810584,0.01,non_overlap_only,,4.029734321634301,input_specific_validation_background,255,56,0.7419354838709677,217,0.25806451612903225
15058,0.0044001207149426715,0.0018687441888889374,0.0008640679376783189,0.00026519294327861475,0.14324220254139394,20,2205,20,0.0013134589230671297,0.0034861052396228183,focal_g2_a0p5_model_clean,narrow,0.0013281976358082083,82,0.2807017543859649,114,0.7192982456140351,0.046301839126765706,1231991843.5239608,0.014792052629090335,145,0.6253229974160206,387,0.37467700258397935,0.9029126213592233,0.07779171894604768,,D4,clean_peak_percentile,30,0.0,30,1.0,0.045908525858612194,0.011965997616810584,0.001,all,,5.604111340953599,input_specific_validation_background,186,33,0.8641975308641976,243,0.13580246913580246
15058,0.0044001207149426715,0.0018687441888889374,0.0008640679376783189,0.00026519294327861475,0.14324220254139394,20,2205,20,0.0013134589230671297,0.0034861052396228183,focal_g2_a0p5_model_clean,narrow,0.0013281976358082083,53,0.22058823529411764,68,0.7794117647058824,0.046301839126765706,1231991843.5239608,0.014792052629090335,90,0.6928327645051194,293,0.30716723549488056,0.9029126213592233,0.07779171894604768,,D4,clean_peak_percentile,8,0.0,8,1.0,0.045908525858612194,0.011965997616810584,0.001,non_overlap_only,,5.604111340953599,input_specific_validation_background,186,29,0.8663594470046083,217,0.1336405529953917
15058,0.0044001207149426715,0.01221894530091389,0.009387751038716394,0.0007069403503177298,0.1816886355539722,161,2136,161,0.010338556382868241,0.009195837895041897,focal_g2_a0p5_model_clean,narrow,0.010691990968256076,136,0.1952662721893491,169,0.8047337278106509,0.046301839126765706,1231991843.5239608,0.014792052629090335,178,0.5400516795865633,387,0.4599483204134367,0.6129807692307693,0.10664993726474278,,D4,cfar_margin,42,0.0,42,1.0,0.045908525858612194,0.011965997616810584,0.01,all,,4.029734321634301,input_specific_validation_background,255,0,1.0,176,0.0
15058,0.0044001207149426715,0.01221894530091389,0.009387751038716394,0.0007069403503177298,0.1816886355539722,161,2136,161,0.010338556382868241,0.009195837895041897,focal_g2_a0p5_model_clean,narrow,0.010691990968256076,100,0.23664122137404575,131,0.7633587786259542,0.046301839126765706,1231991843.5239608,0.014792052629090335,118,0.5972696245733788,293,0.40273037542662116,0.6129807692307693,0.10664993726474278,,D4,cfar_margin,18,0.0,18,1.0,0.045908525858612194,0.011965997616810584,0.01,non_overlap_only,,4.029734321634301,input_specific_validation_background,255,0,1.0,144,0.0
15058,0.0044001207149426715,0.0018687441888889374,0.0008640679376783189,0.00026519294327861475,0.14324220254139394,20,2205,20,0.0013134589230671297,0.0034861052396228183,focal_g2_a0p5_model_clean,narrow,0.0013281976358082083,103,0.3905325443786982,169,0.6094674556213018,0.046301839126765706,1231991843.5239608,0.014792052629090335,145,0.6253229974160206,387,0.37467700258397935,0.9029126213592233,0.07779171894604768,,D4,cfar_margin,42,0.0,42,1.0,0.045908525858612194,0.011965997616810584,0.001,all,,5.604111340953599,input_specific_validation_background,186,0,1.0,176,0.0
15058,0.0044001207149426715,0.0018687441888889374,0.0008640679376783189,0.00026519294327861475,0.14324220254139394,20,2205,20,0.0013134589230671297,0.0034861052396228183,focal_g2_a0p5_model_clean,narrow,0.0013281976358082083,72,0.45038167938931295,131,0.549618320610687,0.046301839126765706,1231991843.5239608,0.014792052629090335,90,0.6928327645051194,293,0.30716723549488056,0.9029126213592233,0.07779171894604768,,D4,cfar_margin,18,0.0,18,1.0,0.045908525858612194,0.011965997616810584,0.001,non_overlap_only,,5.604111340953599,input_specific_validation_background,186,0,1.0,144,0.0
14165,0.006493732466694302,0.012388066354099619,0.009359868388682526,0.0007528312689867011,0.1324503311258278,154,3252,154,0.010378801864482498,0.009844393006719954,focal_g2_a0p5_model_clean,default,0.010871867278503353,80,0.024390243902439046,82,0.975609756097561,0.046301839126765706,1231991843.5239608,0.0137597571113659,218,0.4366925064599483,387,0.5633074935400517,0.6280193236714976,0.07403189066059225,,D4,clean_peak_percentile,43,0.0,43,1.0,0.04896145638064494,0.011104200204025824,0.01,all,,4.057508854793066,input_specific_validation_background,260,95,0.6374045801526718,262,0.36259541984732824
14165,0.006493732466694302,0.012388066354099619,0.009359868388682526,0.0007528312689867011,0.1324503311258278,154,3252,154,0.010378801864482498,0.009844393006719954,focal_g2_a0p5_model_clean,default,0.010871867278503353,14,0.0,14,1.0,0.046301839126765706,1231991843.5239608,0.0137597571113659,82,0.5960591133004927,203,0.4039408866995074,0.6280193236714976,0.07403189066059225,,D4,clean_peak_percentile,0,,0,,0.04896145638064494,0.011104200204025824,0.01,non_overlap_only,,4.057508854793066,input_specific_validation_background,260,68,0.6402116402116402,189,0.35978835978835977
14165,0.006493732466694302,0.0019902725655153533,0.0009182742564975034,0.00028246669866725983,0.10005379236148466,20,3326,20,0.0014164158631114923,0.003777466613776572,focal_g2_a0p5_model_clean,default,0.0014119308153900459,76,0.07317073170731703,82,0.926829268292683,0.046301839126765706,1231991843.5239608,0.0137597571113659,178,0.5400516795865633,387,0.4599483204134367,0.9029126213592233,0.05296127562642369,,D4,clean_peak_percentile,43,0.0,43,1.0,0.04896145638064494,0.011104200204025824,0.001,all,,5.6036344105878975,input_specific_validation_background,186,59,0.7748091603053435,262,0.22519083969465647
14165,0.006493732466694302,0.0019902725655153533,0.0009182742564975034,0.00028246669866725983,0.10005379236148466,20,3326,20,0.0014164158631114923,0.003777466613776572,focal_g2_a0p5_model_clean,default,0.0014119308153900459,14,0.0,14,1.0,0.046301839126765706,1231991843.5239608,0.0137597571113659,54,0.7339901477832512,203,0.2660098522167488,0.9029126213592233,0.05296127562642369,,D4,clean_peak_percentile,0,,0,,0.04896145638064494,0.011104200204025824,0.001,non_overlap_only,,5.6036344105878975,input_specific_validation_background,186,40,0.7883597883597884,189,0.21164021164021163
14165,0.006493732466694302,0.012388066354099619,0.009359868388682526,0.0007528312689867011,0.1324503311258278,154,3252,154,0.010378801864482498,0.009844393006719954,focal_g2_a0p5_model_clean,default,0.010871867278503353,154,0.0,154,1.0,0.046301839126765706,1231991843.5239608,0.0137597571113659,218,0.4366925064599483,387,0.5633074935400517,0.6280193236714976,0.07403189066059225,,D4,cfar_margin,36,0.0,36,1.0,0.04896145638064494,0.011104200204025824,0.01,all,,4.057508854793066,input_specific_validation_background,260,28,0.8578680203045685,197,0.14213197969543148
14165,0.006493732466694302,0.012388066354099619,0.009359868388682526,0.0007528312689867011,0.1324503311258278,154,3252,154,0.010378801864482498,0.009844393006719954,focal_g2_a0p5_model_clean,default,0.010871867278503353,61,0.0,61,1.0,0.046301839126765706,1231991843.5239608,0.0137597571113659,82,0.5960591133004927,203,0.4039408866995074,0.6280193236714976,0.07403189066059225,,D4,cfar_margin,0,,0,,0.04896145638064494,0.011104200204025824,0.01,non_overlap_only,,4.057508854793066,input_specific_validation_background,260,21,0.852112676056338,142,0.14788732394366197
14165,0.006493732466694302,0.0019902725655153533,0.0009182742564975034,0.00028246669866725983,0.10005379236148466,20,3326,20,0.0014164158631114923,0.003777466613776572,focal_g2_a0p5_model_clean,default,0.0014119308153900459,142,0.07792207792207795,154,0.922077922077922,0.046301839126765706,1231991843.5239608,0.0137597571113659,178,0.5400516795865633,387,0.4599483204134367,0.9029126213592233,0.05296127562642369,,D4,cfar_margin,36,0.0,36,1.0,0.04896145638064494,0.011104200204025824,0.001,all,,5.6036344105878975,input_specific_validation_background,186,0,1.0,197,0.0
14165,0.006493732466694302,0.0019902725655153533,0.0009182742564975034,0.00028246669866725983,0.10005379236148466,20,3326,20,0.0014164158631114923,0.003777466613776572,focal_g2_a0p5_model_clean,default,0.0014119308153900459,54,0.11475409836065575,61,0.8852459016393442,0.046301839126765706,1231991843.5239608,0.0137597571113659,54,0.7339901477832512,203,0.2660098522167488,0.9029126213592233,0.05296127562642369,,D4,cfar_margin,0,,0,,0.04896145638064494,0.011104200204025824,0.001,non_overlap_only,,5.6036344105878975,input_specific_validation_background,186,0,1.0,142,0.0
