background_cell_count,background_energy_increase_db,bootstrap_pfa_ci_high,bootstrap_pfa_ci_low,bootstrap_pfa_std,f1,false_alarm_count,fn_cells,fp_cells,frame_level_pfa_mean,frame_level_pfa_std,has_nan_or_inf,input_type,lambda_rec,last_grad_norm_before_clip,lr,mask_name,measured_pfa,mid_hits,mid_miss_rate,mid_n,mid_pd,model_clean_mse_db,mse_db_to_clean,mse_power_to_clean,noise_floor_change_db,output_max_db,output_mean_db,output_min_db,output_std_db,overall_hits,overall_miss_rate,overall_n,overall_pd,precision,recall,sir_name,split_definition,steps,strong_hits,strong_miss_rate,strong_n,strong_pd,target_peak_abs_bias_db_mean,target_peak_bias_db_mean,target_pfa,target_scope,target_sir_db,temperature,threshold,threshold_source,tp_cells,train_bce_term,train_loss,train_magmse_term,val_background_bce,val_bce,val_mse_db_to_clean,val_target_bce,weak_hits,weak_miss_rate,weak_n,weak_pd
6046,2.531106383986766,0.01624927320275466,0.009774151032764265,0.0016200999904711778,0.30307692307692313,78,828,78,0.012948839271327756,0.0135813663219568,False,anchor_output,0.0,0.5897469520568848,0.0008,narrow,0.012901091630830301,56,0.17647058823529416,68,0.8235294117647058,28.373465375034478,45.797369327478975,3440147358494716.0,2.4178089748851903,92.53147842225508,48.03475604770114,30.225977109341557,7.206380973593279,113,0.28481012658227844,158,0.7151898734177216,0.7163636363636363,0.19219512195121952,medium,clean_peak_percentile,140,26,0.0714285714285714,28,0.9285714285714286,3.6814317877843257,2.435007639912367,0.01,all,0.0,0.7,3.4968456114990065,input_specific_validation_background,197,1.097339153289795,1.097339153289795,54.559757232666016,0.04403667151927948,0.7899365425109863,40.08121636223811,3.3916049003601074,31,0.5,62,0.5
6046,2.531106383986766,0.01624927320275466,0.009774151032764265,0.0016200999904711778,0.30307692307692313,78,828,78,0.012948839271327756,0.0135813663219568,False,anchor_output,0.0,0.5897469520568848,0.0008,narrow,0.012901091630830301,37,0.24489795918367352,49,0.7551020408163265,28.373465375034478,45.797369327478975,3440147358494716.0,2.4178089748851903,92.53147842225508,48.03475604770114,30.225977109341557,7.206380973593279,76,0.3613445378151261,119,0.6386554621848739,0.7163636363636363,0.19219512195121952,medium,clean_peak_percentile,140,8,0.0,8,1.0,3.6814317877843257,2.435007639912367,0.01,non_overlap_only,0.0,0.7,3.4968456114990065,input_specific_validation_background,197,1.097339153289795,1.097339153289795,54.559757232666016,0.04403667151927948,0.7899365425109863,40.08121636223811,3.3916049003601074,31,0.5,62,0.5
6046,2.531106383986766,0.0041974606703389285,0.0014799134523647266,0.0007296027290250704,0.23708721422523285,16,885,16,0.0025894480273888796,0.005672344229315597,False,anchor_output,0.0,0.5897469520568848,0.0008,narrow,0.0026463777704267286,47,0.3088235294117647,68,0.6911764705882353,28.373465375034478,45.797369327478975,3440147358494716.0,2.4178089748851903,92.53147842225508,48.03475604770114,30.225977109341557,7.206380973593279,89,0.43670886075949367,158,0.5632911392405063,0.8974358974358975,0.13658536585365855,medium,clean_peak_percentile,140,24,0.1428571428571429,28,0.8571428571428571,3.6814317877843257,2.435007639912367,0.001,all,0.0,0.7,4.419852751372262,input_specific_validation_background,140,1.097339153289795,1.097339153289795,54.559757232666016,0.04403667151927948,0.7899365425109863,40.08121636223811,3.3916049003601074,18,0.7096774193548387,62,0.2903225806451613
6046,2.531106383986766,0.0041974606703389285,0.0014799134523647266,0.0007296027290250704,0.23708721422523285,16,885,16,0.0025894480273888796,0.005672344229315597,False,anchor_output,0.0,0.5897469520568848,0.0008,narrow,0.0026463777704267286,31,0.36734693877551017,49,0.6326530612244898,28.373465375034478,45.797369327478975,3440147358494716.0,2.4178089748851903,92.53147842225508,48.03475604770114,30.225977109341557,7.206380973593279,57,0.5210084033613445,119,0.4789915966386555,0.8974358974358975,0.13658536585365855,medium,clean_peak_percentile,140,8,0.0,8,1.0,3.6814317877843257,2.435007639912367,0.001,non_overlap_only,0.0,0.7,4.419852751372262,input_specific_validation_background,140,1.097339153289795,1.097339153289795,54.559757232666016,0.04403667151927948,0.7899365425109863,40.08121636223811,3.3916049003601074,18,0.7096774193548387,62,0.2903225806451613
6046,2.531106383986766,0.01624927320275466,0.009774151032764265,0.0016200999904711778,0.30307692307692313,78,828,78,0.012948839271327756,0.0135813663219568,False,anchor_output,0.0,0.5897469520568848,0.0008,narrow,0.012901091630830301,51,0.2153846153846154,65,0.7846153846153846,28.373465375034478,45.797369327478975,3440147358494716.0,2.4178089748851903,92.53147842225508,48.03475604770114,30.225977109341557,7.206380973593279,113,0.28481012658227844,158,0.7151898734177216,0.7163636363636363,0.19219512195121952,medium,cfar_margin,140,28,0.03448275862068961,29,0.9655172413793104,3.6814317877843257,2.435007639912367,0.01,all,0.0,0.7,3.4968456114990065,input_specific_validation_background,197,1.097339153289795,1.097339153289795,54.559757232666016,0.04403667151927948,0.7899365425109863,40.08121636223811,3.3916049003601074,34,0.46875,64,0.53125
6046,2.531106383986766,0.01624927320275466,0.009774151032764265,0.0016200999904711778,0.30307692307692313,78,828,78,0.012948839271327756,0.0135813663219568,False,anchor_output,0.0,0.5897469520568848,0.0008,narrow,0.012901091630830301,40,0.23076923076923073,52,0.7692307692307693,28.373465375034478,45.797369327478975,3440147358494716.0,2.4178089748851903,92.53147842225508,48.03475604770114,30.225977109341557,7.206380973593279,76,0.3613445378151261,119,0.6386554621848739,0.7163636363636363,0.19219512195121952,medium,cfar_margin,140,13,0.0714285714285714,14,0.9285714285714286,3.6814317877843257,2.435007639912367,0.01,non_overlap_only,0.0,0.7,3.4968456114990065,input_specific_validation_background,197,1.097339153289795,1.097339153289795,54.559757232666016,0.04403667151927948,0.7899365425109863,40.08121636223811,3.3916049003601074,23,0.5660377358490566,53,0.4339622641509434
6046,2.531106383986766,0.0041974606703389285,0.0014799134523647266,0.0007296027290250704,0.23708721422523285,16,885,16,0.0025894480273888796,0.005672344229315597,False,anchor_output,0.0,0.5897469520568848,0.0008,narrow,0.0026463777704267286,44,0.32307692307692304,65,0.676923076923077,28.373465375034478,45.797369327478975,3440147358494716.0,2.4178089748851903,92.53147842225508,48.03475604770114,30.225977109341557,7.206380973593279,89,0.43670886075949367,158,0.5632911392405063,0.8974358974358975,0.13658536585365855,medium,cfar_margin,140,26,0.10344827586206895,29,0.896551724137931,3.6814317877843257,2.435007639912367,0.001,all,0.0,0.7,4.419852751372262,input_specific_validation_background,140,1.097339153289795,1.097339153289795,54.559757232666016,0.04403667151927948,0.7899365425109863,40.08121636223811,3.3916049003601074,19,0.703125,64,0.296875
6046,2.531106383986766,0.0041974606703389285,0.0014799134523647266,0.0007296027290250704,0.23708721422523285,16,885,16,0.0025894480273888796,0.005672344229315597,False,anchor_output,0.0,0.5897469520568848,0.0008,narrow,0.0026463777704267286,35,0.32692307692307687,52,0.6730769230769231,28.373465375034478,45.797369327478975,3440147358494716.0,2.4178089748851903,92.53147842225508,48.03475604770114,30.225977109341557,7.206380973593279,57,0.5210084033613445,119,0.4789915966386555,0.8974358974358975,0.13658536585365855,medium,cfar_margin,140,12,0.1428571428571429,14,0.8571428571428571,3.6814317877843257,2.435007639912367,0.001,non_overlap_only,0.0,0.7,4.419852751372262,input_specific_validation_background,140,1.097339153289795,1.097339153289795,54.559757232666016,0.04403667151927948,0.7899365425109863,40.08121636223811,3.3916049003601074,10,0.8113207547169812,53,0.18867924528301888
5675,2.519266510600906,0.016543745346853357,0.010086315185848384,0.0016922456996694515,0.2251279135872655,74,1289,74,0.012857964228448093,0.01427928922479123,False,anchor_output,0.0,0.5897469520568848,0.0008,default,0.01303964757709251,44,0.10204081632653061,49,0.8979591836734694,28.373465375034478,45.797369327478975,3440147358494716.0,2.4097559104641846,92.53147842225508,48.03475604770114,30.225977109341557,7.206380973593279,124,0.21518987341772156,158,0.7848101265822784,0.7279411764705882,0.13315400134498992,medium,clean_peak_percentile,140,40,0.024390243902439046,41,0.975609756097561,3.4523991688828204,1.8184390585906438,0.01,all,0.0,0.7,3.4844310615651053,input_specific_validation_background,198,1.097339153289795,1.097339153289795,54.559757232666016,0.04403667151927948,0.7899365425109863,40.08121636223811,3.3916049003601074,40,0.4117647058823529,68,0.5882352941176471
5675,2.519266510600906,0.016543745346853357,0.010086315185848384,0.0016922456996694515,0.2251279135872655,74,1289,74,0.012857964228448093,0.01427928922479123,False,anchor_output,0.0,0.5897469520568848,0.0008,default,0.01303964757709251,6,0.0,6,1.0,28.373465375034478,45.797369327478975,3440147358494716.0,2.4097559104641846,92.53147842225508,48.03475604770114,30.225977109341557,7.206380973593279,36,0.368421052631579,57,0.631578947368421,0.7279411764705882,0.13315400134498992,medium,clean_peak_percentile,140,0,,0,,3.4523991688828204,1.8184390585906438,0.01,non_overlap_only,0.0,0.7,3.4844310615651053,input_specific_validation_background,198,1.097339153289795,1.097339153289795,54.559757232666016,0.04403667151927948,0.7899365425109863,40.08121636223811,3.3916049003601074,30,0.4117647058823529,51,0.5882352941176471
5675,2.519266510600906,0.004317183202002663,0.0013972508248843404,0.0007534386142226173,0.1705237515225335,15,1347,15,0.002570467716675128,0.005880898050532542,False,anchor_output,0.0,0.5897469520568848,0.0008,default,0.0026431718061674008,37,0.24489795918367352,49,0.7551020408163265,28.373465375034478,45.797369327478975,3440147358494716.0,2.4097559104641846,92.53147842225508,48.03475604770114,30.225977109341557,7.206380973593279,102,0.35443037974683544,158,0.6455696202531646,0.9032258064516129,0.0941492938802959,medium,clean_peak_percentile,140,38,0.07317073170731703,41,0.926829268292683,3.4523991688828204,1.8184390585906438,0.001,all,0.0,0.7,4.435203655515967,input_specific_validation_background,140,1.097339153289795,1.097339153289795,54.559757232666016,0.04403667151927948,0.7899365425109863,40.08121636223811,3.3916049003601074,27,0.6029411764705883,68,0.39705882352941174
5675,2.519266510600906,0.004317183202002663,0.0013972508248843404,0.0007534386142226173,0.1705237515225335,15,1347,15,0.002570467716675128,0.005880898050532542,False,anchor_output,0.0,0.5897469520568848,0.0008,default,0.0026431718061674008,6,0.0,6,1.0,28.373465375034478,45.797369327478975,3440147358494716.0,2.4097559104641846,92.53147842225508,48.03475604770114,30.225977109341557,7.206380973593279,27,0.5263157894736843,57,0.47368421052631576,0.9032258064516129,0.0941492938802959,medium,clean_peak_percentile,140,0,,0,,3.4523991688828204,1.8184390585906438,0.001,non_overlap_only,0.0,0.7,4.435203655515967,input_specific_validation_background,140,1.097339153289795,1.097339153289795,54.559757232666016,0.04403667151927948,0.7899365425109863,40.08121636223811,3.3916049003601074,21,0.5882352941176471,51,0.4117647058823529
5675,2.519266510600906,0.016543745346853357,0.010086315185848384,0.0016922456996694515,0.2251279135872655,74,1289,74,0.012857964228448093,0.01427928922479123,False,anchor_output,0.0,0.5897469520568848,0.0008,default,0.01303964757709251,76,0.12643678160919536,87,0.8735632183908046,28.373465375034478,45.797369327478975,3440147358494716.0,2.4097559104641846,92.53147842225508,48.03475604770114,30.225977109341557,7.206380973593279,124,0.21518987341772156,158,0.7848101265822784,0.7279411764705882,0.13315400134498992,medium,cfar_margin,140,28,0.0,28,1.0,3.4523991688828204,1.8184390585906438,0.01,all,0.0,0.7,3.4844310615651053,input_specific_validation_background,198,1.097339153289795,1.097339153289795,54.559757232666016,0.04403667151927948,0.7899365425109863,40.08121636223811,3.3916049003601074,20,0.5348837209302326,43,0.46511627906976744
5675,2.519266510600906,0.016543745346853357,0.010086315185848384,0.0016922456996694515,0.2251279135872655,74,1289,74,0.012857964228448093,0.01427928922479123,False,anchor_output,0.0,0.5897469520568848,0.0008,default,0.01303964757709251,20,0.2592592592592593,27,0.7407407407407407,28.373465375034478,45.797369327478975,3440147358494716.0,2.4097559104641846,92.53147842225508,48.03475604770114,30.225977109341557,7.206380973593279,36,0.368421052631579,57,0.631578947368421,0.7279411764705882,0.13315400134498992,medium,cfar_margin,140,0,,0,,3.4523991688828204,1.8184390585906438,0.01,non_overlap_only,0.0,0.7,3.4844310615651053,input_specific_validation_background,198,1.097339153289795,1.097339153289795,54.559757232666016,0.04403667151927948,0.7899365425109863,40.08121636223811,3.3916049003601074,16,0.4666666666666667,30,0.5333333333333333
5675,2.519266510600906,0.004317183202002663,0.0013972508248843404,0.0007534386142226173,0.1705237515225335,15,1347,15,0.002570467716675128,0.005880898050532542,False,anchor_output,0.0,0.5897469520568848,0.0008,default,0.0026431718061674008,67,0.22988505747126442,87,0.7701149425287356,28.373465375034478,45.797369327478975,3440147358494716.0,2.4097559104641846,92.53147842225508,48.03475604770114,30.225977109341557,7.206380973593279,102,0.35443037974683544,158,0.6455696202531646,0.9032258064516129,0.0941492938802959,medium,cfar_margin,140,26,0.0714285714285714,28,0.9285714285714286,3.4523991688828204,1.8184390585906438,0.001,all,0.0,0.7,4.435203655515967,input_specific_validation_background,140,1.097339153289795,1.097339153289795,54.559757232666016,0.04403667151927948,0.7899365425109863,40.08121636223811,3.3916049003601074,9,0.7906976744186046,43,0.20930232558139536
5675,2.519266510600906,0.004317183202002663,0.0013972508248843404,0.0007534386142226173,0.1705237515225335,15,1347,15,0.002570467716675128,0.005880898050532542,False,anchor_output,0.0,0.5897469520568848,0.0008,default,0.0026431718061674008,19,0.2962962962962963,27,0.7037037037037037,28.373465375034478,45.797369327478975,3440147358494716.0,2.4097559104641846,92.53147842225508,48.03475604770114,30.225977109341557,7.206380973593279,27,0.5263157894736843,57,0.47368421052631576,0.9032258064516129,0.0941492938802959,medium,cfar_margin,140,0,,0,,3.4523991688828204,1.8184390585906438,0.001,non_overlap_only,0.0,0.7,4.435203655515967,input_specific_validation_background,140,1.097339153289795,1.097339153289795,54.559757232666016,0.04403667151927948,0.7899365425109863,40.08121636223811,3.3916049003601074,8,0.7333333333333334,30,0.26666666666666666
6046,0.03156678491555448,0.01425932576779494,0.009063050199985193,0.0013715699603395943,0.33839150227617604,70,802,70,0.011372464307094196,0.010672639407066658,False,anchor_output,0.01,0.1960904747247696,0.0008,narrow,0.011577902745616937,61,0.1029411764705882,68,0.8970588235294118,0.9162133607862446,2.40012678506763,91922229390.46506,0.1736570016694685,73.06244584646265,46.444073347535436,38.61657408516788,4.027273727219342,118,0.25316455696202533,158,0.7468354430379747,0.7610921501706485,0.2175609756097561,medium,clean_peak_percentile,140,28,0.0,28,1.0,1.2608534184417637,0.2049755773362063,0.01,all,0.0,0.7,2.5351968730644505,input_specific_validation_background,223,0.9885839223861694,1.0144660472869873,2.588209629058838,0.029254624620079994,0.8116536736488342,1.5217908833399723,3.5406301021575928,29,0.532258064516129,62,0.46774193548387094
6046,0.03156678491555448,0.01425932576779494,0.009063050199985193,0.0013715699603395943,0.33839150227617604,70,802,70,0.011372464307094196,0.010672639407066658,False,anchor_output,0.01,0.1960904747247696,0.0008,narrow,0.011577902745616937,43,0.12244897959183676,49,0.8775510204081632,0.9162133607862446,2.40012678506763,91922229390.46506,0.1736570016694685,73.06244584646265,46.444073347535436,38.61657408516788,4.027273727219342,80,0.32773109243697474,119,0.6722689075630253,0.7610921501706485,0.2175609756097561,medium,clean_peak_percentile,140,8,0.0,8,1.0,1.2608534184417637,0.2049755773362063,0.01,non_overlap_only,0.0,0.7,2.5351968730644505,input_specific_validation_background,223,0.9885839223861694,1.0144660472869873,2.588209629058838,0.029254624620079994,0.8116536736488342,1.5217908833399723,3.5406301021575928,29,0.532258064516129,62,0.46774193548387094
6046,0.03156678491555448,0.002777741094677081,0.0004992707961826821,0.000545494763116802,0.26364399664147775,9,868,9,0.001428611725243124,0.004338977027239896,False,anchor_output,0.01,0.1960904747247696,0.0008,narrow,0.0014885874958650348,47,0.3088235294117647,68,0.6911764705882353,0.9162133607862446,2.40012678506763,91922229390.46506,0.1736570016694685,73.06244584646265,46.444073347535436,38.61657408516788,4.027273727219342,95,0.3987341772151899,158,0.6012658227848101,0.9457831325301205,0.15317073170731707,medium,clean_peak_percentile,140,27,0.0357142857142857,28,0.9642857142857143,1.2608534184417637,0.2049755773362063,0.001,all,0.0,0.7,3.68499329648953,input_specific_validation_background,157,0.9885839223861694,1.0144660472869873,2.588209629058838,0.029254624620079994,0.8116536736488342,1.5217908833399723,3.5406301021575928,21,0.6612903225806452,62,0.3387096774193548
6046,0.03156678491555448,0.002777741094677081,0.0004992707961826821,0.000545494763116802,0.26364399664147775,9,868,9,0.001428611725243124,0.004338977027239896,False,anchor_output,0.01,0.1960904747247696,0.0008,narrow,0.0014885874958650348,34,0.30612244897959184,49,0.6938775510204082,0.9162133607862446,2.40012678506763,91922229390.46506,0.1736570016694685,73.06244584646265,46.444073347535436,38.61657408516788,4.027273727219342,63,0.47058823529411764,119,0.5294117647058824,0.9457831325301205,0.15317073170731707,medium,clean_peak_percentile,140,8,0.0,8,1.0,1.2608534184417637,0.2049755773362063,0.001,non_overlap_only,0.0,0.7,3.68499329648953,input_specific_validation_background,157,0.9885839223861694,1.0144660472869873,2.588209629058838,0.029254624620079994,0.8116536736488342,1.5217908833399723,3.5406301021575928,21,0.6612903225806452,62,0.3387096774193548
6046,0.03156678491555448,0.01425932576779494,0.009063050199985193,0.0013715699603395943,0.33839150227617604,70,802,70,0.011372464307094196,0.010672639407066658,False,anchor_output,0.01,0.1960904747247696,0.0008,narrow,0.011577902745616937,63,0.03076923076923077,65,0.9692307692307692,0.9162133607862446,2.40012678506763,91922229390.46506,0.1736570016694685,73.06244584646265,46.444073347535436,38.61657408516788,4.027273727219342,118,0.25316455696202533,158,0.7468354430379747,0.7610921501706485,0.2175609756097561,medium,cfar_margin,140,29,0.0,29,1.0,1.2608534184417637,0.2049755773362063,0.01,all,0.0,0.7,2.5351968730644505,input_specific_validation_background,223,0.9885839223861694,1.0144660472869873,2.588209629058838,0.029254624620079994,0.8116536736488342,1.5217908833399723,3.5406301021575928,26,0.59375,64,0.40625
6046,0.03156678491555448,0.01425932576779494,0.009063050199985193,0.0013715699603395943,0.33839150227617604,70,802,70,0.011372464307094196,0.010672639407066658,False,anchor_output,0.01,0.1960904747247696,0.0008,narrow,0.011577902745616937,50,0.038461538461538436,52,0.9615384615384616,0.9162133607862446,2.40012678506763,91922229390.46506,0.1736570016694685,73.06244584646265,46.444073347535436,38.61657408516788,4.027273727219342,80,0.32773109243697474,119,0.6722689075630253,0.7610921501706485,0.2175609756097561,medium,cfar_margin,140,14,0.0,14,1.0,1.2608534184417637,0.2049755773362063,0.01,non_overlap_only,0.0,0.7,2.5351968730644505,input_specific_validation_background,223,0.9885839223861694,1.0144660472869873,2.588209629058838,0.029254624620079994,0.8116536736488342,1.5217908833399723,3.5406301021575928,16,0.6981132075471699,53,0.3018867924528302
6046,0.03156678491555448,0.002777741094677081,0.0004992707961826821,0.000545494763116802,0.26364399664147775,9,868,9,0.001428611725243124,0.004338977027239896,False,anchor_output,0.01,0.1960904747247696,0.0008,narrow,0.0014885874958650348,57,0.12307692307692308,65,0.8769230769230769,0.9162133607862446,2.40012678506763,91922229390.46506,0.1736570016694685,73.06244584646265,46.444073347535436,38.61657408516788,4.027273727219342,95,0.3987341772151899,158,0.6012658227848101,0.9457831325301205,0.15317073170731707,medium,cfar_margin,140,29,0.0,29,1.0,1.2608534184417637,0.2049755773362063,0.001,all,0.0,0.7,3.68499329648953,input_specific_validation_background,157,0.9885839223861694,1.0144660472869873,2.588209629058838,0.029254624620079994,0.8116536736488342,1.5217908833399723,3.5406301021575928,9,0.859375,64,0.140625
6046,0.03156678491555448,0.002777741094677081,0.0004992707961826821,0.000545494763116802,0.26364399664147775,9,868,9,0.001428611725243124,0.004338977027239896,False,anchor_output,0.01,0.1960904747247696,0.0008,narrow,0.0014885874958650348,45,0.13461538461538458,52,0.8653846153846154,0.9162133607862446,2.40012678506763,91922229390.46506,0.1736570016694685,73.06244584646265,46.444073347535436,38.61657408516788,4.027273727219342,63,0.47058823529411764,119,0.5294117647058824,0.9457831325301205,0.15317073170731707,medium,cfar_margin,140,14,0.0,14,1.0,1.2608534184417637,0.2049755773362063,0.001,non_overlap_only,0.0,0.7,3.68499329648953,input_specific_validation_background,157,0.9885839223861694,1.0144660472869873,2.588209629058838,0.029254624620079994,0.8116536736488342,1.5217908833399723,3.5406301021575928,4,0.9245283018867925,53,0.07547169811320754
5675,0.02629082394538358,0.014835631358853622,0.009421877979968038,0.0014162866680979104,0.2507026419336706,69,1264,69,0.011872653294443494,0.011067822647914276,False,anchor_output,0.01,0.1960904747247696,0.0008,default,0.012158590308370043,49,0.0,49,1.0,0.9162133607862446,2.40012678506763,91922229390.46506,0.1915109504269168,73.06244584646265,46.444073347535436,38.61657408516788,4.027273727219342,133,0.15822784810126578,158,0.8417721518987342,0.7636986301369864,0.14996637525218562,medium,clean_peak_percentile,140,41,0.0,41,1.0,1.1145353405860254,-0.028409465706345293,0.01,all,0.0,0.7,2.5410129399087014,input_specific_validation_background,223,0.9885839223861694,1.0144660472869873,2.588209629058838,0.029254624620079994,0.8116536736488342,1.5217908833399723,3.5406301021575928,43,0.36764705882352944,68,0.6323529411764706
5675,0.02629082394538358,0.014835631358853622,0.009421877979968038,0.0014162866680979104,0.2507026419336706,69,1264,69,0.011872653294443494,0.011067822647914276,False,anchor_output,0.01,0.1960904747247696,0.0008,default,0.012158590308370043,6,0.0,6,1.0,0.9162133607862446,2.40012678506763,91922229390.46506,0.1915109504269168,73.06244584646265,46.444073347535436,38.61657408516788,4.027273727219342,39,0.3157894736842105,57,0.6842105263157895,0.7636986301369864,0.14996637525218562,medium,clean_peak_percentile,140,0,,0,,1.1145353405860254,-0.028409465706345293,0.01,non_overlap_only,0.0,0.7,2.5410129399087014,input_specific_validation_background,223,0.9885839223861694,1.0144660472869873,2.588209629058838,0.029254624620079994,0.8116536736488342,1.5217908833399723,3.5406301021575928,33,0.3529411764705882,51,0.6470588235294118
5675,0.02629082394538358,0.0017965191543954887,0.0003576076584641353,0.0003895850861096348,0.18920557913887204,6,1331,6,0.0009812671399584544,0.0030531023317128354,False,anchor_output,0.01,0.1960904747247696,0.0008,default,0.0010572687224669603,47,0.04081632653061229,49,0.9591836734693877,0.9162133607862446,2.40012678506763,91922229390.46506,0.1915109504269168,73.06244584646265,46.444073347535436,38.61657408516788,4.027273727219342,118,0.25316455696202533,158,0.7468354430379747,0.9629629629629629,0.10490921318090114,medium,clean_peak_percentile,140,39,0.04878048780487809,41,0.9512195121951219,1.1145353405860254,-0.028409465706345293,0.001,all,0.0,0.7,3.924762401656848,input_specific_validation_background,156,0.9885839223861694,1.0144660472869873,2.588209629058838,0.029254624620079994,0.8116536736488342,1.5217908833399723,3.5406301021575928,32,0.5294117647058824,68,0.47058823529411764
5675,0.02629082394538358,0.0017965191543954887,0.0003576076584641353,0.0003895850861096348,0.18920557913887204,6,1331,6,0.0009812671399584544,0.0030531023317128354,False,anchor_output,0.01,0.1960904747247696,0.0008,default,0.0010572687224669603,6,0.0,6,1.0,0.9162133607862446,2.40012678506763,91922229390.46506,0.1915109504269168,73.06244584646265,46.444073347535436,38.61657408516788,4.027273727219342,31,0.45614035087719296,57,0.543859649122807,0.9629629629629629,0.10490921318090114,medium,clean_peak_percentile,140,0,,0,,1.1145353405860254,-0.028409465706345293,0.001,non_overlap_only,0.0,0.7,3.924762401656848,input_specific_validation_background,156,0.9885839223861694,1.0144660472869873,2.588209629058838,0.029254624620079994,0.8116536736488342,1.5217908833399723,3.5406301021575928,25,0.5098039215686274,51,0.49019607843137253
5675,0.02629082394538358,0.014835631358853622,0.009421877979968038,0.0014162866680979104,0.2507026419336706,69,1264,69,0.011872653294443494,0.011067822647914276,False,anchor_output,0.01,0.1960904747247696,0.0008,default,0.012158590308370043,87,0.0,87,1.0,0.9162133607862446,2.40012678506763,91922229390.46506,0.1915109504269168,73.06244584646265,46.444073347535436,38.61657408516788,4.027273727219342,133,0.15822784810126578,158,0.8417721518987342,0.7636986301369864,0.14996637525218562,medium,cfar_margin,140,28,0.0,28,1.0,1.1145353405860254,-0.028409465706345293,0.01,all,0.0,0.7,2.5410129399087014,input_specific_validation_background,223,0.9885839223861694,1.0144660472869873,2.588209629058838,0.029254624620079994,0.8116536736488342,1.5217908833399723,3.5406301021575928,18,0.5813953488372092,43,0.4186046511627907
5675,0.02629082394538358,0.014835631358853622,0.009421877979968038,0.0014162866680979104,0.2507026419336706,69,1264,69,0.011872653294443494,0.011067822647914276,False,anchor_output,0.01,0.1960904747247696,0.0008,default,0.012158590308370043,27,0.0,27,1.0,0.9162133607862446,2.40012678506763,91922229390.46506,0.1915109504269168,73.06244584646265,46.444073347535436,38.61657408516788,4.027273727219342,39,0.3157894736842105,57,0.6842105263157895,0.7636986301369864,0.14996637525218562,medium,cfar_margin,140,0,,0,,1.1145353405860254,-0.028409465706345293,0.01,non_overlap_only,0.0,0.7,2.5410129399087014,input_specific_validation_background,223,0.9885839223861694,1.0144660472869873,2.588209629058838,0.029254624620079994,0.8116536736488342,1.5217908833399723,3.5406301021575928,12,0.6,30,0.4
5675,0.02629082394538358,0.0017965191543954887,0.0003576076584641353,0.0003895850861096348,0.18920557913887204,6,1331,6,0.0009812671399584544,0.0030531023317128354,False,anchor_output,0.01,0.1960904747247696,0.0008,default,0.0010572687224669603,82,0.05747126436781613,87,0.9425287356321839,0.9162133607862446,2.40012678506763,91922229390.46506,0.1915109504269168,73.06244584646265,46.444073347535436,38.61657408516788,4.027273727219342,118,0.25316455696202533,158,0.7468354430379747,0.9629629629629629,0.10490921318090114,medium,cfar_margin,140,28,0.0,28,1.0,1.1145353405860254,-0.028409465706345293,0.001,all,0.0,0.7,3.924762401656848,input_specific_validation_background,156,0.9885839223861694,1.0144660472869873,2.588209629058838,0.029254624620079994,0.8116536736488342,1.5217908833399723,3.5406301021575928,8,0.813953488372093,43,0.18604651162790697
5675,0.02629082394538358,0.0017965191543954887,0.0003576076584641353,0.0003895850861096348,0.18920557913887204,6,1331,6,0.0009812671399584544,0.0030531023317128354,False,anchor_output,0.01,0.1960904747247696,0.0008,default,0.0010572687224669603,25,0.07407407407407407,27,0.9259259259259259,0.9162133607862446,2.40012678506763,91922229390.46506,0.1915109504269168,73.06244584646265,46.444073347535436,38.61657408516788,4.027273727219342,31,0.45614035087719296,57,0.543859649122807,0.9629629629629629,0.10490921318090114,medium,cfar_margin,140,0,,0,,1.1145353405860254,-0.028409465706345293,0.001,non_overlap_only,0.0,0.7,3.924762401656848,input_specific_validation_background,156,0.9885839223861694,1.0144660472869873,2.588209629058838,0.029254624620079994,0.8116536736488342,1.5217908833399723,3.5406301021575928,6,0.8,30,0.2
6046,-0.04605324989264869,0.01668051134496704,0.012090901312568866,0.0012331400520311127,0.2981651376146789,88,830,88,0.014228719918577106,0.010075073726653226,False,anchor_output,0.05,0.17320485413074493,0.0008,narrow,0.014555077737347006,53,0.22058823529411764,68,0.7794117647058824,0.23135806088033692,0.9633818537755614,58766022401.1291,-0.04356369178031372,73.12822823562351,46.44980232224655,39.54664563411643,4.0758191833122135,108,0.31645569620253167,158,0.6835443037974683,0.6890459363957597,0.1902439024390244,medium,clean_peak_percentile,140,28,0.0,28,1.0,0.4856424938450702,-0.1460327892054962,0.01,all,0.0,0.7,2.7776407205407048,input_specific_validation_background,195,0.7039927840232849,0.7212358713150024,0.34486156702041626,0.03145047277212143,0.8196986317634583,0.5895032384922878,3.5690762996673584,27,0.564516129032258,62,0.43548387096774194
6046,-0.04605324989264869,0.01668051134496704,0.012090901312568866,0.0012331400520311127,0.2981651376146789,88,830,88,0.014228719918577106,0.010075073726653226,False,anchor_output,0.05,0.17320485413074493,0.0008,narrow,0.014555077737347006,41,0.16326530612244894,49,0.8367346938775511,0.23135806088033692,0.9633818537755614,58766022401.1291,-0.04356369178031372,73.12822823562351,46.44980232224655,39.54664563411643,4.0758191833122135,76,0.3613445378151261,119,0.6386554621848739,0.6890459363957597,0.1902439024390244,medium,clean_peak_percentile,140,8,0.0,8,1.0,0.4856424938450702,-0.1460327892054962,0.01,non_overlap_only,0.0,0.7,2.7776407205407048,input_specific_validation_background,195,0.7039927840232849,0.7212358713150024,0.34486156702041626,0.03145047277212143,0.8196986317634583,0.5895032384922878,3.5690762996673584,27,0.564516129032258,62,0.43548387096774194
6046,-0.04605324989264869,0.002636092612815538,0.00032633752790912397,0.0005990250295175414,0.23870417732310317,8,885,8,0.0013237856501248763,0.0047225664628896356,False,anchor_output,0.05,0.17320485413074493,0.0008,narrow,0.0013231888852133643,43,0.36764705882352944,68,0.6323529411764706,0.23135806088033692,0.9633818537755614,58766022401.1291,-0.04356369178031372,73.12822823562351,46.44980232224655,39.54664563411643,4.0758191833122135,88,0.44303797468354433,158,0.5569620253164557,0.9459459459459459,0.13658536585365855,medium,clean_peak_percentile,140,28,0.0,28,1.0,0.4856424938450702,-0.1460327892054962,0.001,all,0.0,0.7,4.03967108756093,input_specific_validation_background,140,0.7039927840232849,0.7212358713150024,0.34486156702041626,0.03145047277212143,0.8196986317634583,0.5895032384922878,3.5690762996673584,17,0.7258064516129032,62,0.27419354838709675
6046,-0.04605324989264869,0.002636092612815538,0.00032633752790912397,0.0005990250295175414,0.23870417732310317,8,885,8,0.0013237856501248763,0.0047225664628896356,False,anchor_output,0.05,0.17320485413074493,0.0008,narrow,0.0013231888852133643,35,0.2857142857142857,49,0.7142857142857143,0.23135806088033692,0.9633818537755614,58766022401.1291,-0.04356369178031372,73.12822823562351,46.44980232224655,39.54664563411643,4.0758191833122135,60,0.4957983193277311,119,0.5042016806722689,0.9459459459459459,0.13658536585365855,medium,clean_peak_percentile,140,8,0.0,8,1.0,0.4856424938450702,-0.1460327892054962,0.001,non_overlap_only,0.0,0.7,4.03967108756093,input_specific_validation_background,140,0.7039927840232849,0.7212358713150024,0.34486156702041626,0.03145047277212143,0.8196986317634583,0.5895032384922878,3.5690762996673584,17,0.7258064516129032,62,0.27419354838709675
6046,-0.04605324989264869,0.01668051134496704,0.012090901312568866,0.0012331400520311127,0.2981651376146789,88,830,88,0.014228719918577106,0.010075073726653226,False,anchor_output,0.05,0.17320485413074493,0.0008,narrow,0.014555077737347006,65,0.0,65,1.0,0.23135806088033692,0.9633818537755614,58766022401.1291,-0.04356369178031372,73.12822823562351,46.44980232224655,39.54664563411643,4.0758191833122135,108,0.31645569620253167,158,0.6835443037974683,0.6890459363957597,0.1902439024390244,medium,cfar_margin,140,29,0.0,29,1.0,0.4856424938450702,-0.1460327892054962,0.01,all,0.0,0.7,2.7776407205407048,input_specific_validation_background,195,0.7039927840232849,0.7212358713150024,0.34486156702041626,0.03145047277212143,0.8196986317634583,0.5895032384922878,3.5690762996673584,14,0.78125,64,0.21875
6046,-0.04605324989264869,0.01668051134496704,0.012090901312568866,0.0012331400520311127,0.2981651376146789,88,830,88,0.014228719918577106,0.010075073726653226,False,anchor_output,0.05,0.17320485413074493,0.0008,narrow,0.014555077737347006,52,0.0,52,1.0,0.23135806088033692,0.9633818537755614,58766022401.1291,-0.04356369178031372,73.12822823562351,46.44980232224655,39.54664563411643,4.0758191833122135,76,0.3613445378151261,119,0.6386554621848739,0.6890459363957597,0.1902439024390244,medium,cfar_margin,140,14,0.0,14,1.0,0.4856424938450702,-0.1460327892054962,0.01,non_overlap_only,0.0,0.7,2.7776407205407048,input_specific_validation_background,195,0.7039927840232849,0.7212358713150024,0.34486156702041626,0.03145047277212143,0.8196986317634583,0.5895032384922878,3.5690762996673584,10,0.8113207547169812,53,0.18867924528301888
6046,-0.04605324989264869,0.002636092612815538,0.00032633752790912397,0.0005990250295175414,0.23870417732310317,8,885,8,0.0013237856501248763,0.0047225664628896356,False,anchor_output,0.05,0.17320485413074493,0.0008,narrow,0.0013231888852133643,59,0.09230769230769231,65,0.9076923076923077,0.23135806088033692,0.9633818537755614,58766022401.1291,-0.04356369178031372,73.12822823562351,46.44980232224655,39.54664563411643,4.0758191833122135,88,0.44303797468354433,158,0.5569620253164557,0.9459459459459459,0.13658536585365855,medium,cfar_margin,140,29,0.0,29,1.0,0.4856424938450702,-0.1460327892054962,0.001,all,0.0,0.7,4.03967108756093,input_specific_validation_background,140,0.7039927840232849,0.7212358713150024,0.34486156702041626,0.03145047277212143,0.8196986317634583,0.5895032384922878,3.5690762996673584,0,1.0,64,0.0
6046,-0.04605324989264869,0.002636092612815538,0.00032633752790912397,0.0005990250295175414,0.23870417732310317,8,885,8,0.0013237856501248763,0.0047225664628896356,False,anchor_output,0.05,0.17320485413074493,0.0008,narrow,0.0013231888852133643,46,0.11538461538461542,52,0.8846153846153846,0.23135806088033692,0.9633818537755614,58766022401.1291,-0.04356369178031372,73.12822823562351,46.44980232224655,39.54664563411643,4.0758191833122135,60,0.4957983193277311,119,0.5042016806722689,0.9459459459459459,0.13658536585365855,medium,cfar_margin,140,14,0.0,14,1.0,0.4856424938450702,-0.1460327892054962,0.001,non_overlap_only,0.0,0.7,4.03967108756093,input_specific_validation_background,140,0.7039927840232849,0.7212358713150024,0.34486156702041626,0.03145047277212143,0.8196986317634583,0.5895032384922878,3.5690762996673584,0,1.0,53,0.0
5675,-0.05273924893704731,0.017209268190659745,0.012551150334046492,0.0012337249340613776,0.21566401816118047,85,1297,85,0.014556868899330182,0.010222702717452238,False,anchor_output,0.05,0.17320485413074493,0.0008,default,0.014977973568281937,49,0.0,49,1.0,0.23135806088033692,0.9633818537755614,58766022401.1291,-0.052079561071892044,73.12822823562351,46.44980232224655,39.54664563411643,4.0758191833122135,129,0.18354430379746833,158,0.8164556962025317,0.6909090909090909,0.12777404169468728,medium,clean_peak_percentile,140,41,0.0,41,1.0,0.5532292559295525,-0.301341983984691,0.01,all,0.0,0.7,2.8246912485834343,input_specific_validation_background,190,0.7039927840232849,0.7212358713150024,0.34486156702041626,0.03145047277212143,0.8196986317634583,0.5895032384922878,3.5690762996673584,39,0.42647058823529416,68,0.5735294117647058
5675,-0.05273924893704731,0.017209268190659745,0.012551150334046492,0.0012337249340613776,0.21566401816118047,85,1297,85,0.014556868899330182,0.010222702717452238,False,anchor_output,0.05,0.17320485413074493,0.0008,default,0.014977973568281937,6,0.0,6,1.0,0.23135806088033692,0.9633818537755614,58766022401.1291,-0.052079561071892044,73.12822823562351,46.44980232224655,39.54664563411643,4.0758191833122135,36,0.368421052631579,57,0.631578947368421,0.6909090909090909,0.12777404169468728,medium,clean_peak_percentile,140,0,,0,,0.5532292559295525,-0.301341983984691,0.01,non_overlap_only,0.0,0.7,2.8246912485834343,input_specific_validation_background,190,0.7039927840232849,0.7212358713150024,0.34486156702041626,0.03145047277212143,0.8196986317634583,0.5895032384922878,3.5690762996673584,30,0.4117647058823529,51,0.5882352941176471
5675,-0.05273924893704731,0.002596724860830606,0.00017533727913696684,0.0006114025763999518,0.1691176470588235,7,1349,7,0.0012312379206971173,0.00483505777133375,False,anchor_output,0.05,0.17320485413074493,0.0008,default,0.0012334801762114538,47,0.04081632653061229,49,0.9591836734693877,0.23135806088033692,0.9633818537755614,58766022401.1291,-0.052079561071892044,73.12822823562351,46.44980232224655,39.54664563411643,4.0758191833122135,117,0.259493670886076,158,0.740506329113924,0.9517241379310345,0.09280430396772024,medium,clean_peak_percentile,140,41,0.0,41,1.0,0.5532292559295525,-0.301341983984691,0.001,all,0.0,0.7,4.069156301498242,input_specific_validation_background,138,0.7039927840232849,0.7212358713150024,0.34486156702041626,0.03145047277212143,0.8196986317634583,0.5895032384922878,3.5690762996673584,29,0.5735294117647058,68,0.4264705882352941
5675,-0.05273924893704731,0.002596724860830606,0.00017533727913696684,0.0006114025763999518,0.1691176470588235,7,1349,7,0.0012312379206971173,0.00483505777133375,False,anchor_output,0.05,0.17320485413074493,0.0008,default,0.0012334801762114538,6,0.0,6,1.0,0.23135806088033692,0.9633818537755614,58766022401.1291,-0.052079561071892044,73.12822823562351,46.44980232224655,39.54664563411643,4.0758191833122135,27,0.5263157894736843,57,0.47368421052631576,0.9517241379310345,0.09280430396772024,medium,clean_peak_percentile,140,0,,0,,0.5532292559295525,-0.301341983984691,0.001,non_overlap_only,0.0,0.7,4.069156301498242,input_specific_validation_background,138,0.7039927840232849,0.7212358713150024,0.34486156702041626,0.03145047277212143,0.8196986317634583,0.5895032384922878,3.5690762996673584,21,0.5882352941176471,51,0.4117647058823529
5675,-0.05273924893704731,0.017209268190659745,0.012551150334046492,0.0012337249340613776,0.21566401816118047,85,1297,85,0.014556868899330182,0.010222702717452238,False,anchor_output,0.05,0.17320485413074493,0.0008,default,0.014977973568281937,87,0.0,87,1.0,0.23135806088033692,0.9633818537755614,58766022401.1291,-0.052079561071892044,73.12822823562351,46.44980232224655,39.54664563411643,4.0758191833122135,129,0.18354430379746833,158,0.8164556962025317,0.6909090909090909,0.12777404169468728,medium,cfar_margin,140,28,0.0,28,1.0,0.5532292559295525,-0.301341983984691,0.01,all,0.0,0.7,2.8246912485834343,input_specific_validation_background,190,0.7039927840232849,0.7212358713150024,0.34486156702041626,0.03145047277212143,0.8196986317634583,0.5895032384922878,3.5690762996673584,14,0.6744186046511628,43,0.32558139534883723
5675,-0.05273924893704731,0.017209268190659745,0.012551150334046492,0.0012337249340613776,0.21566401816118047,85,1297,85,0.014556868899330182,0.010222702717452238,False,anchor_output,0.05,0.17320485413074493,0.0008,default,0.014977973568281937,27,0.0,27,1.0,0.23135806088033692,0.9633818537755614,58766022401.1291,-0.052079561071892044,73.12822823562351,46.44980232224655,39.54664563411643,4.0758191833122135,36,0.368421052631579,57,0.631578947368421,0.6909090909090909,0.12777404169468728,medium,cfar_margin,140,0,,0,,0.5532292559295525,-0.301341983984691,0.01,non_overlap_only,0.0,0.7,2.8246912485834343,input_specific_validation_background,190,0.7039927840232849,0.7212358713150024,0.34486156702041626,0.03145047277212143,0.8196986317634583,0.5895032384922878,3.5690762996673584,9,0.7,30,0.3
5675,-0.05273924893704731,0.002596724860830606,0.00017533727913696684,0.0006114025763999518,0.1691176470588235,7,1349,7,0.0012312379206971173,0.00483505777133375,False,anchor_output,0.05,0.17320485413074493,0.0008,default,0.0012334801762114538,85,0.02298850574712641,87,0.9770114942528736,0.23135806088033692,0.9633818537755614,58766022401.1291,-0.052079561071892044,73.12822823562351,46.44980232224655,39.54664563411643,4.0758191833122135,117,0.259493670886076,158,0.740506329113924,0.9517241379310345,0.09280430396772024,medium,cfar_margin,140,28,0.0,28,1.0,0.5532292559295525,-0.301341983984691,0.001,all,0.0,0.7,4.069156301498242,input_specific_validation_background,138,0.7039927840232849,0.7212358713150024,0.34486156702041626,0.03145047277212143,0.8196986317634583,0.5895032384922878,3.5690762996673584,4,0.9069767441860466,43,0.09302325581395349
5675,-0.05273924893704731,0.002596724860830606,0.00017533727913696684,0.0006114025763999518,0.1691176470588235,7,1349,7,0.0012312379206971173,0.00483505777133375,False,anchor_output,0.05,0.17320485413074493,0.0008,default,0.0012334801762114538,25,0.07407407407407407,27,0.9259259259259259,0.23135806088033692,0.9633818537755614,58766022401.1291,-0.052079561071892044,73.12822823562351,46.44980232224655,39.54664563411643,4.0758191833122135,27,0.5263157894736843,57,0.47368421052631576,0.9517241379310345,0.09280430396772024,medium,cfar_margin,140,0,,0,,0.5532292559295525,-0.301341983984691,0.001,non_overlap_only,0.0,0.7,4.069156301498242,input_specific_validation_background,138,0.7039927840232849,0.7212358713150024,0.34486156702041626,0.03145047277212143,0.8196986317634583,0.5895032384922878,3.5690762996673584,2,0.9333333333333333,30,0.06666666666666667
6046,-0.03036460298373588,0.014100319742187773,0.009288568537806434,0.0012455168040440973,0.2845973416731821,72,843,72,0.01172109705611783,0.010034177057629585,False,anchor_output,0.1,0.4530538022518158,0.0008,narrow,0.011908699966920278,52,0.23529411764705888,68,0.7647058823529411,0.12646268523542536,0.8975078363797555,57999228946.315254,-0.17764175139373606,73.11818104302574,46.40985236891838,39.39262788749397,4.086301571246735,104,0.3417721518987342,158,0.6582278481012658,0.7165354330708661,0.1775609756097561,medium,clean_peak_percentile,140,28,0.0,28,1.0,0.5198707296387675,-0.29309252001035874,0.01,all,0.0,0.7,2.8114704463440012,input_specific_validation_background,182,1.027495265007019,1.0789949893951416,0.5149972438812256,0.03219325840473175,0.8226572871208191,0.5201556058453699,3.579763412475586,24,0.6129032258064516,62,0.3870967741935484
6046,-0.03036460298373588,0.014100319742187773,0.009288568537806434,0.0012455168040440973,0.2845973416731821,72,843,72,0.01172109705611783,0.010034177057629585,False,anchor_output,0.1,0.4530538022518158,0.0008,narrow,0.011908699966920278,40,0.18367346938775508,49,0.8163265306122449,0.12646268523542536,0.8975078363797555,57999228946.315254,-0.17764175139373606,73.11818104302574,46.40985236891838,39.39262788749397,4.086301571246735,72,0.39495798319327735,119,0.6050420168067226,0.7165354330708661,0.1775609756097561,medium,clean_peak_percentile,140,8,0.0,8,1.0,0.5198707296387675,-0.29309252001035874,0.01,non_overlap_only,0.0,0.7,2.8114704463440012,input_specific_validation_background,182,1.027495265007019,1.0789949893951416,0.5149972438812256,0.03219325840473175,0.8226572871208191,0.5201556058453699,3.579763412475586,24,0.6129032258064516,62,0.3870967741935484
6046,-0.03036460298373588,0.0013264088217976426,7.716049382716057e-05,0.00033141699054029764,0.23347639484978538,4,889,4,0.000687499560398853,0.0026794391709984875,False,anchor_output,0.1,0.4530538022518158,0.0008,narrow,0.0006615944426066821,43,0.36764705882352944,68,0.6323529411764706,0.12646268523542536,0.8975078363797555,57999228946.315254,-0.17764175139373606,73.11818104302574,46.40985236891838,39.39262788749397,4.086301571246735,88,0.44303797468354433,158,0.5569620253164557,0.9714285714285714,0.1326829268292683,medium,clean_peak_percentile,140,28,0.0,28,1.0,0.5198707296387675,-0.29309252001035874,0.001,all,0.0,0.7,4.415130650797636,input_specific_validation_background,136,1.027495265007019,1.0789949893951416,0.5149972438812256,0.03219325840473175,0.8226572871208191,0.5201556058453699,3.579763412475586,17,0.7258064516129032,62,0.27419354838709675
6046,-0.03036460298373588,0.0013264088217976426,7.716049382716057e-05,0.00033141699054029764,0.23347639484978538,4,889,4,0.000687499560398853,0.0026794391709984875,False,anchor_output,0.1,0.4530538022518158,0.0008,narrow,0.0006615944426066821,35,0.2857142857142857,49,0.7142857142857143,0.12646268523542536,0.8975078363797555,57999228946.315254,-0.17764175139373606,73.11818104302574,46.40985236891838,39.39262788749397,4.086301571246735,60,0.4957983193277311,119,0.5042016806722689,0.9714285714285714,0.1326829268292683,medium,clean_peak_percentile,140,8,0.0,8,1.0,0.5198707296387675,-0.29309252001035874,0.001,non_overlap_only,0.0,0.7,4.415130650797636,input_specific_validation_background,136,1.027495265007019,1.0789949893951416,0.5149972438812256,0.03219325840473175,0.8226572871208191,0.5201556058453699,3.579763412475586,17,0.7258064516129032,62,0.27419354838709675
6046,-0.03036460298373588,0.014100319742187773,0.009288568537806434,0.0012455168040440973,0.2845973416731821,72,843,72,0.01172109705611783,0.010034177057629585,False,anchor_output,0.1,0.4530538022518158,0.0008,narrow,0.011908699966920278,64,0.01538461538461533,65,0.9846153846153847,0.12646268523542536,0.8975078363797555,57999228946.315254,-0.17764175139373606,73.11818104302574,46.40985236891838,39.39262788749397,4.086301571246735,104,0.3417721518987342,158,0.6582278481012658,0.7165354330708661,0.1775609756097561,medium,cfar_margin,140,29,0.0,29,1.0,0.5198707296387675,-0.29309252001035874,0.01,all,0.0,0.7,2.8114704463440012,input_specific_validation_background,182,1.027495265007019,1.0789949893951416,0.5149972438812256,0.03219325840473175,0.8226572871208191,0.5201556058453699,3.579763412475586,11,0.828125,64,0.171875
6046,-0.03036460298373588,0.014100319742187773,0.009288568537806434,0.0012455168040440973,0.2845973416731821,72,843,72,0.01172109705611783,0.010034177057629585,False,anchor_output,0.1,0.4530538022518158,0.0008,narrow,0.011908699966920278,51,0.019230769230769273,52,0.9807692307692307,0.12646268523542536,0.8975078363797555,57999228946.315254,-0.17764175139373606,73.11818104302574,46.40985236891838,39.39262788749397,4.086301571246735,72,0.39495798319327735,119,0.6050420168067226,0.7165354330708661,0.1775609756097561,medium,cfar_margin,140,14,0.0,14,1.0,0.5198707296387675,-0.29309252001035874,0.01,non_overlap_only,0.0,0.7,2.8114704463440012,input_specific_validation_background,182,1.027495265007019,1.0789949893951416,0.5149972438812256,0.03219325840473175,0.8226572871208191,0.5201556058453699,3.579763412475586,7,0.8679245283018868,53,0.1320754716981132
6046,-0.03036460298373588,0.0013264088217976426,7.716049382716057e-05,0.00033141699054029764,0.23347639484978538,4,889,4,0.000687499560398853,0.0026794391709984875,False,anchor_output,0.1,0.4530538022518158,0.0008,narrow,0.0006615944426066821,59,0.09230769230769231,65,0.9076923076923077,0.12646268523542536,0.8975078363797555,57999228946.315254,-0.17764175139373606,73.11818104302574,46.40985236891838,39.39262788749397,4.086301571246735,88,0.44303797468354433,158,0.5569620253164557,0.9714285714285714,0.1326829268292683,medium,cfar_margin,140,29,0.0,29,1.0,0.5198707296387675,-0.29309252001035874,0.001,all,0.0,0.7,4.415130650797636,input_specific_validation_background,136,1.027495265007019,1.0789949893951416,0.5149972438812256,0.03219325840473175,0.8226572871208191,0.5201556058453699,3.579763412475586,0,1.0,64,0.0
6046,-0.03036460298373588,0.0013264088217976426,7.716049382716057e-05,0.00033141699054029764,0.23347639484978538,4,889,4,0.000687499560398853,0.0026794391709984875,False,anchor_output,0.1,0.4530538022518158,0.0008,narrow,0.0006615944426066821,46,0.11538461538461542,52,0.8846153846153846,0.12646268523542536,0.8975078363797555,57999228946.315254,-0.17764175139373606,73.11818104302574,46.40985236891838,39.39262788749397,4.086301571246735,60,0.4957983193277311,119,0.5042016806722689,0.9714285714285714,0.1326829268292683,medium,cfar_margin,140,14,0.0,14,1.0,0.5198707296387675,-0.29309252001035874,0.001,non_overlap_only,0.0,0.7,4.415130650797636,input_specific_validation_background,136,1.027495265007019,1.0789949893951416,0.5149972438812256,0.03219325840473175,0.8226572871208191,0.5201556058453699,3.579763412475586,0,1.0,53,0.0
5675,-0.04639035416230183,0.014662243040023377,0.009683456624993175,0.0013153329106842266,0.20931569867740082,70,1305,70,0.012090507826709205,0.010979586978194377,False,anchor_output,0.1,0.4530538022518158,0.0008,default,0.012334801762114538,49,0.0,49,1.0,0.12646268523542536,0.8975078363797555,57999228946.315254,-0.18764908144210324,73.11818104302574,46.40985236891838,39.39262788749397,4.086301571246735,127,0.19620253164556967,158,0.8037974683544303,0.7222222222222222,0.12239408204438466,medium,clean_peak_percentile,140,41,0.0,41,1.0,0.580757901498055,-0.4088503345812116,0.01,all,0.0,0.7,2.8532860220060305,input_specific_validation_background,182,1.027495265007019,1.0789949893951416,0.5149972438812256,0.03219325840473175,0.8226572871208191,0.5201556058453699,3.579763412475586,37,0.4558823529411765,68,0.5441176470588235
5675,-0.04639035416230183,0.014662243040023377,0.009683456624993175,0.0013153329106842266,0.20931569867740082,70,1305,70,0.012090507826709205,0.010979586978194377,False,anchor_output,0.1,0.4530538022518158,0.0008,default,0.012334801762114538,6,0.0,6,1.0,0.12646268523542536,0.8975078363797555,57999228946.315254,-0.18764908144210324,73.11818104302574,46.40985236891838,39.39262788749397,4.086301571246735,34,0.4035087719298246,57,0.5964912280701754,0.7222222222222222,0.12239408204438466,medium,clean_peak_percentile,140,0,,0,,0.580757901498055,-0.4088503345812116,0.01,non_overlap_only,0.0,0.7,2.8532860220060305,input_specific_validation_background,182,1.027495265007019,1.0789949893951416,0.5149972438812256,0.03219325840473175,0.8226572871208191,0.5201556058453699,3.579763412475586,28,0.4509803921568627,51,0.5490196078431373
5675,-0.04639035416230183,0.0014145965185569536,8.140531276778072e-05,0.0003534326865650287,0.16717885679164105,4,1351,4,0.0007503210420106403,0.0029378650337623957,False,anchor_output,0.1,0.4530538022518158,0.0008,default,0.0007048458149779736,47,0.04081632653061229,49,0.9591836734693877,0.12646268523542536,0.8975078363797555,57999228946.315254,-0.18764908144210324,73.11818104302574,46.40985236891838,39.39262788749397,4.086301571246735,116,0.26582278481012656,158,0.7341772151898734,0.9714285714285714,0.09145931405514458,medium,clean_peak_percentile,140,41,0.0,41,1.0,0.580757901498055,-0.4088503345812116,0.001,all,0.0,0.7,4.445189398479303,input_specific_validation_background,136,1.027495265007019,1.0789949893951416,0.5149972438812256,0.03219325840473175,0.8226572871208191,0.5201556058453699,3.579763412475586,28,0.5882352941176471,68,0.4117647058823529
5675,-0.04639035416230183,0.0014145965185569536,8.140531276778072e-05,0.0003534326865650287,0.16717885679164105,4,1351,4,0.0007503210420106403,0.0029378650337623957,False,anchor_output,0.1,0.4530538022518158,0.0008,default,0.0007048458149779736,6,0.0,6,1.0,0.12646268523542536,0.8975078363797555,57999228946.315254,-0.18764908144210324,73.11818104302574,46.40985236891838,39.39262788749397,4.086301571246735,27,0.5263157894736843,57,0.47368421052631576,0.9714285714285714,0.09145931405514458,medium,clean_peak_percentile,140,0,,0,,0.580757901498055,-0.4088503345812116,0.001,non_overlap_only,0.0,0.7,4.445189398479303,input_specific_validation_background,136,1.027495265007019,1.0789949893951416,0.5149972438812256,0.03219325840473175,0.8226572871208191,0.5201556058453699,3.579763412475586,21,0.5882352941176471,51,0.4117647058823529
5675,-0.04639035416230183,0.014662243040023377,0.009683456624993175,0.0013153329106842266,0.20931569867740082,70,1305,70,0.012090507826709205,0.010979586978194377,False,anchor_output,0.1,0.4530538022518158,0.0008,default,0.012334801762114538,87,0.0,87,1.0,0.12646268523542536,0.8975078363797555,57999228946.315254,-0.18764908144210324,73.11818104302574,46.40985236891838,39.39262788749397,4.086301571246735,127,0.19620253164556967,158,0.8037974683544303,0.7222222222222222,0.12239408204438466,medium,cfar_margin,140,28,0.0,28,1.0,0.580757901498055,-0.4088503345812116,0.01,all,0.0,0.7,2.8532860220060305,input_specific_validation_background,182,1.027495265007019,1.0789949893951416,0.5149972438812256,0.03219325840473175,0.8226572871208191,0.5201556058453699,3.579763412475586,12,0.7209302325581395,43,0.27906976744186046
5675,-0.04639035416230183,0.014662243040023377,0.009683456624993175,0.0013153329106842266,0.20931569867740082,70,1305,70,0.012090507826709205,0.010979586978194377,False,anchor_output,0.1,0.4530538022518158,0.0008,default,0.012334801762114538,27,0.0,27,1.0,0.12646268523542536,0.8975078363797555,57999228946.315254,-0.18764908144210324,73.11818104302574,46.40985236891838,39.39262788749397,4.086301571246735,34,0.4035087719298246,57,0.5964912280701754,0.7222222222222222,0.12239408204438466,medium,cfar_margin,140,0,,0,,0.580757901498055,-0.4088503345812116,0.01,non_overlap_only,0.0,0.7,2.8532860220060305,input_specific_validation_background,182,1.027495265007019,1.0789949893951416,0.5149972438812256,0.03219325840473175,0.8226572871208191,0.5201556058453699,3.579763412475586,7,0.7666666666666666,30,0.23333333333333334
5675,-0.04639035416230183,0.0014145965185569536,8.140531276778072e-05,0.0003534326865650287,0.16717885679164105,4,1351,4,0.0007503210420106403,0.0029378650337623957,False,anchor_output,0.1,0.4530538022518158,0.0008,default,0.0007048458149779736,85,0.02298850574712641,87,0.9770114942528736,0.12646268523542536,0.8975078363797555,57999228946.315254,-0.18764908144210324,73.11818104302574,46.40985236891838,39.39262788749397,4.086301571246735,116,0.26582278481012656,158,0.7341772151898734,0.9714285714285714,0.09145931405514458,medium,cfar_margin,140,28,0.0,28,1.0,0.580757901498055,-0.4088503345812116,0.001,all,0.0,0.7,4.445189398479303,input_specific_validation_background,136,1.027495265007019,1.0789949893951416,0.5149972438812256,0.03219325840473175,0.8226572871208191,0.5201556058453699,3.579763412475586,3,0.9302325581395349,43,0.06976744186046512
5675,-0.04639035416230183,0.0014145965185569536,8.140531276778072e-05,0.0003534326865650287,0.16717885679164105,4,1351,4,0.0007503210420106403,0.0029378650337623957,False,anchor_output,0.1,0.4530538022518158,0.0008,default,0.0007048458149779736,25,0.07407407407407407,27,0.9259259259259259,0.12646268523542536,0.8975078363797555,57999228946.315254,-0.18764908144210324,73.11818104302574,46.40985236891838,39.39262788749397,4.086301571246735,27,0.5263157894736843,57,0.47368421052631576,0.9714285714285714,0.09145931405514458,medium,cfar_margin,140,0,,0,,0.580757901498055,-0.4088503345812116,0.001,non_overlap_only,0.0,0.7,4.445189398479303,input_specific_validation_background,136,1.027495265007019,1.0789949893951416,0.5149972438812256,0.03219325840473175,0.8226572871208191,0.5201556058453699,3.579763412475586,2,0.9333333333333333,30,0.06666666666666667
6046,-0.005157853659434652,0.014974787328801925,0.010746373324073303,0.0011204906344118339,0.25178147268408546,79,866,79,0.01272417202018156,0.009155275290054698,False,anchor_output,0.5,1.547458291053772,0.0008,narrow,0.013066490241481972,43,0.36764705882352944,68,0.6323529411764706,0.13358574941043946,0.6979093815470425,76678988074.10638,-0.11742340267559115,73.2042311515736,46.40077859544637,40.12528314163359,4.126059143197119,94,0.40506329113924056,158,0.5949367088607594,0.6680672268907563,0.1551219512195122,medium,clean_peak_percentile,140,28,0.0,28,1.0,0.2168449543985443,-0.16567548141472793,0.01,all,0.0,0.7,3.537489506828574,input_specific_validation_background,159,0.886407732963562,1.0921329259872437,0.41145044565200806,0.0388568677008152,0.831462025642395,0.40980689398493464,3.596036672592163,23,0.6290322580645161,62,0.3709677419354839
6046,-0.005157853659434652,0.014974787328801925,0.010746373324073303,0.0011204906344118339,0.25178147268408546,79,866,79,0.01272417202018156,0.009155275290054698,False,anchor_output,0.5,1.547458291053772,0.0008,narrow,0.013066490241481972,35,0.2857142857142857,49,0.7142857142857143,0.13358574941043946,0.6979093815470425,76678988074.10638,-0.11742340267559115,73.2042311515736,46.40077859544637,40.12528314163359,4.126059143197119,66,0.4453781512605042,119,0.5546218487394958,0.6680672268907563,0.1551219512195122,medium,clean_peak_percentile,140,8,0.0,8,1.0,0.2168449543985443,-0.16567548141472793,0.01,non_overlap_only,0.0,0.7,3.537489506828574,input_specific_validation_background,159,0.886407732963562,1.0921329259872437,0.41145044565200806,0.0388568677008152,0.831462025642395,0.40980689398493464,3.596036672592163,23,0.6290322580645161,62,0.3709677419354839
6046,-0.005157853659434652,0.0014931067480292435,0.00016515642860716535,0.0003539926502758023,0.21953327571305103,5,898,5,0.0008204759708188725,0.002828706470512736,False,anchor_output,0.5,1.547458291053772,0.0008,narrow,0.0008269930532583526,40,0.4117647058823529,68,0.5882352941176471,0.13358574941043946,0.6979093815470425,76678988074.10638,-0.11742340267559115,73.2042311515736,46.40077859544637,40.12528314163359,4.126059143197119,85,0.4620253164556962,158,0.5379746835443038,0.9621212121212122,0.12390243902439024,medium,clean_peak_percentile,140,28,0.0,28,1.0,0.2168449543985443,-0.16567548141472793,0.001,all,0.0,0.7,5.05251930895559,input_specific_validation_background,127,0.886407732963562,1.0921329259872437,0.41145044565200806,0.0388568677008152,0.831462025642395,0.40980689398493464,3.596036672592163,17,0.7258064516129032,62,0.27419354838709675
6046,-0.005157853659434652,0.0014931067480292435,0.00016515642860716535,0.0003539926502758023,0.21953327571305103,5,898,5,0.0008204759708188725,0.002828706470512736,False,anchor_output,0.5,1.547458291053772,0.0008,narrow,0.0008269930532583526,34,0.30612244897959184,49,0.6938775510204082,0.13358574941043946,0.6979093815470425,76678988074.10638,-0.11742340267559115,73.2042311515736,46.40077859544637,40.12528314163359,4.126059143197119,59,0.5042016806722689,119,0.4957983193277311,0.9621212121212122,0.12390243902439024,medium,clean_peak_percentile,140,8,0.0,8,1.0,0.2168449543985443,-0.16567548141472793,0.001,non_overlap_only,0.0,0.7,5.05251930895559,input_specific_validation_background,127,0.886407732963562,1.0921329259872437,0.41145044565200806,0.0388568677008152,0.831462025642395,0.40980689398493464,3.596036672592163,17,0.7258064516129032,62,0.27419354838709675
6046,-0.005157853659434652,0.014974787328801925,0.010746373324073303,0.0011204906344118339,0.25178147268408546,79,866,79,0.01272417202018156,0.009155275290054698,False,anchor_output,0.5,1.547458291053772,0.0008,narrow,0.013066490241481972,65,0.0,65,1.0,0.13358574941043946,0.6979093815470425,76678988074.10638,-0.11742340267559115,73.2042311515736,46.40077859544637,40.12528314163359,4.126059143197119,94,0.40506329113924056,158,0.5949367088607594,0.6680672268907563,0.1551219512195122,medium,cfar_margin,140,29,0.0,29,1.0,0.2168449543985443,-0.16567548141472793,0.01,all,0.0,0.7,3.537489506828574,input_specific_validation_background,159,0.886407732963562,1.0921329259872437,0.41145044565200806,0.0388568677008152,0.831462025642395,0.40980689398493464,3.596036672592163,0,1.0,64,0.0
6046,-0.005157853659434652,0.014974787328801925,0.010746373324073303,0.0011204906344118339,0.25178147268408546,79,866,79,0.01272417202018156,0.009155275290054698,False,anchor_output,0.5,1.547458291053772,0.0008,narrow,0.013066490241481972,52,0.0,52,1.0,0.13358574941043946,0.6979093815470425,76678988074.10638,-0.11742340267559115,73.2042311515736,46.40077859544637,40.12528314163359,4.126059143197119,66,0.4453781512605042,119,0.5546218487394958,0.6680672268907563,0.1551219512195122,medium,cfar_margin,140,14,0.0,14,1.0,0.2168449543985443,-0.16567548141472793,0.01,non_overlap_only,0.0,0.7,3.537489506828574,input_specific_validation_background,159,0.886407732963562,1.0921329259872437,0.41145044565200806,0.0388568677008152,0.831462025642395,0.40980689398493464,3.596036672592163,0,1.0,53,0.0
6046,-0.005157853659434652,0.0014931067480292435,0.00016515642860716535,0.0003539926502758023,0.21953327571305103,5,898,5,0.0008204759708188725,0.002828706470512736,False,anchor_output,0.5,1.547458291053772,0.0008,narrow,0.0008269930532583526,56,0.1384615384615384,65,0.8615384615384616,0.13358574941043946,0.6979093815470425,76678988074.10638,-0.11742340267559115,73.2042311515736,46.40077859544637,40.12528314163359,4.126059143197119,85,0.4620253164556962,158,0.5379746835443038,0.9621212121212122,0.12390243902439024,medium,cfar_margin,140,29,0.0,29,1.0,0.2168449543985443,-0.16567548141472793,0.001,all,0.0,0.7,5.05251930895559,input_specific_validation_background,127,0.886407732963562,1.0921329259872437,0.41145044565200806,0.0388568677008152,0.831462025642395,0.40980689398493464,3.596036672592163,0,1.0,64,0.0
6046,-0.005157853659434652,0.0014931067480292435,0.00016515642860716535,0.0003539926502758023,0.21953327571305103,5,898,5,0.0008204759708188725,0.002828706470512736,False,anchor_output,0.5,1.547458291053772,0.0008,narrow,0.0008269930532583526,45,0.13461538461538458,52,0.8653846153846154,0.13358574941043946,0.6979093815470425,76678988074.10638,-0.11742340267559115,73.2042311515736,46.40077859544637,40.12528314163359,4.126059143197119,59,0.5042016806722689,119,0.4957983193277311,0.9621212121212122,0.12390243902439024,medium,cfar_margin,140,14,0.0,14,1.0,0.2168449543985443,-0.16567548141472793,0.001,non_overlap_only,0.0,0.7,5.05251930895559,input_specific_validation_background,127,0.886407732963562,1.0921329259872437,0.41145044565200806,0.0388568677008152,0.831462025642395,0.40980689398493464,3.596036672592163,0,1.0,53,0.0
5675,-0.013093438348948789,0.01569686823593073,0.011344922584268525,0.0011384104376379626,0.18445475638051043,78,1328,78,0.013208994657801513,0.009539565510880586,False,anchor_output,0.5,1.547458291053772,0.0008,default,0.013744493392070485,48,0.020408163265306145,49,0.9795918367346939,0.13358574941043946,0.6979093815470425,76678988074.10638,-0.12619527521869145,73.2042311515736,46.40077859544637,40.12528314163359,4.126059143197119,125,0.2088607594936709,158,0.7911392405063291,0.6708860759493671,0.10692669804976462,medium,clean_peak_percentile,140,41,0.0,41,1.0,0.26369552250983624,-0.2313162208887939,0.01,all,0.0,0.7,3.5411414335931326,input_specific_validation_background,159,0.886407732963562,1.0921329259872437,0.41145044565200806,0.0388568677008152,0.831462025642395,0.40980689398493464,3.596036672592163,36,0.47058823529411764,68,0.5294117647058824
5675,-0.013093438348948789,0.01569686823593073,0.011344922584268525,0.0011384104376379626,0.18445475638051043,78,1328,78,0.013208994657801513,0.009539565510880586,False,anchor_output,0.5,1.547458291053772,0.0008,default,0.013744493392070485,6,0.0,6,1.0,0.13358574941043946,0.6979093815470425,76678988074.10638,-0.12619527521869145,73.2042311515736,46.40077859544637,40.12528314163359,4.126059143197119,33,0.42105263157894735,57,0.5789473684210527,0.6708860759493671,0.10692669804976462,medium,clean_peak_percentile,140,0,,0,,0.26369552250983624,-0.2313162208887939,0.01,non_overlap_only,0.0,0.7,3.5411414335931326,input_specific_validation_background,159,0.886407732963562,1.0921329259872437,0.41145044565200806,0.0388568677008152,0.831462025642395,0.40980689398493464,3.596036672592163,27,0.47058823529411764,51,0.5294117647058824
5675,-0.013093438348948789,0.0014028846522803008,0.00017133337032173746,0.00034263915895830165,0.1501240694789082,4,1366,4,0.0007341339410939691,0.0028708179838137097,False,anchor_output,0.5,1.547458291053772,0.0008,default,0.0007048458149779736,46,0.061224489795918324,49,0.9387755102040817,0.13358574941043946,0.6979093815470425,76678988074.10638,-0.12619527521869145,73.2042311515736,46.40077859544637,40.12528314163359,4.126059143197119,112,0.2911392405063291,158,0.7088607594936709,0.968,0.08137188971082716,medium,clean_peak_percentile,140,41,0.0,41,1.0,0.26369552250983624,-0.2313162208887939,0.001,all,0.0,0.7,5.124692507116157,input_specific_validation_background,121,0.886407732963562,1.0921329259872437,0.41145044565200806,0.0388568677008152,0.831462025642395,0.40980689398493464,3.596036672592163,25,0.6323529411764706,68,0.36764705882352944
5675,-0.013093438348948789,0.0014028846522803008,0.00017133337032173746,0.00034263915895830165,0.1501240694789082,4,1366,4,0.0007341339410939691,0.0028708179838137097,False,anchor_output,0.5,1.547458291053772,0.0008,default,0.0007048458149779736,6,0.0,6,1.0,0.13358574941043946,0.6979093815470425,76678988074.10638,-0.12619527521869145,73.2042311515736,46.40077859544637,40.12528314163359,4.126059143197119,24,0.5789473684210527,57,0.42105263157894735,0.968,0.08137188971082716,medium,clean_peak_percentile,140,0,,0,,0.26369552250983624,-0.2313162208887939,0.001,non_overlap_only,0.0,0.7,5.124692507116157,input_specific_validation_background,121,0.886407732963562,1.0921329259872437,0.41145044565200806,0.0388568677008152,0.831462025642395,0.40980689398493464,3.596036672592163,18,0.6470588235294117,51,0.35294117647058826
5675,-0.013093438348948789,0.01569686823593073,0.011344922584268525,0.0011384104376379626,0.18445475638051043,78,1328,78,0.013208994657801513,0.009539565510880586,False,anchor_output,0.5,1.547458291053772,0.0008,default,0.013744493392070485,87,0.0,87,1.0,0.13358574941043946,0.6979093815470425,76678988074.10638,-0.12619527521869145,73.2042311515736,46.40077859544637,40.12528314163359,4.126059143197119,125,0.2088607594936709,158,0.7911392405063291,0.6708860759493671,0.10692669804976462,medium,cfar_margin,140,28,0.0,28,1.0,0.26369552250983624,-0.2313162208887939,0.01,all,0.0,0.7,3.5411414335931326,input_specific_validation_background,159,0.886407732963562,1.0921329259872437,0.41145044565200806,0.0388568677008152,0.831462025642395,0.40980689398493464,3.596036672592163,10,0.7674418604651163,43,0.23255813953488372
5675,-0.013093438348948789,0.01569686823593073,0.011344922584268525,0.0011384104376379626,0.18445475638051043,78,1328,78,0.013208994657801513,0.009539565510880586,False,anchor_output,0.5,1.547458291053772,0.0008,default,0.013744493392070485,27,0.0,27,1.0,0.13358574941043946,0.6979093815470425,76678988074.10638,-0.12619527521869145,73.2042311515736,46.40077859544637,40.12528314163359,4.126059143197119,33,0.42105263157894735,57,0.5789473684210527,0.6708860759493671,0.10692669804976462,medium,cfar_margin,140,0,,0,,0.26369552250983624,-0.2313162208887939,0.01,non_overlap_only,0.0,0.7,3.5411414335931326,input_specific_validation_background,159,0.886407732963562,1.0921329259872437,0.41145044565200806,0.0388568677008152,0.831462025642395,0.40980689398493464,3.596036672592163,6,0.8,30,0.2
5675,-0.013093438348948789,0.0014028846522803008,0.00017133337032173746,0.00034263915895830165,0.1501240694789082,4,1366,4,0.0007341339410939691,0.0028708179838137097,False,anchor_output,0.5,1.547458291053772,0.0008,default,0.0007048458149779736,84,0.03448275862068961,87,0.9655172413793104,0.13358574941043946,0.6979093815470425,76678988074.10638,-0.12619527521869145,73.2042311515736,46.40077859544637,40.12528314163359,4.126059143197119,112,0.2911392405063291,158,0.7088607594936709,0.968,0.08137188971082716,medium,cfar_margin,140,28,0.0,28,1.0,0.26369552250983624,-0.2313162208887939,0.001,all,0.0,0.7,5.124692507116157,input_specific_validation_background,121,0.886407732963562,1.0921329259872437,0.41145044565200806,0.0388568677008152,0.831462025642395,0.40980689398493464,3.596036672592163,0,1.0,43,0.0
5675,-0.013093438348948789,0.0014028846522803008,0.00017133337032173746,0.00034263915895830165,0.1501240694789082,4,1366,4,0.0007341339410939691,0.0028708179838137097,False,anchor_output,0.5,1.547458291053772,0.0008,default,0.0007048458149779736,24,0.11111111111111116,27,0.8888888888888888,0.13358574941043946,0.6979093815470425,76678988074.10638,-0.12619527521869145,73.2042311515736,46.40077859544637,40.12528314163359,4.126059143197119,24,0.5789473684210527,57,0.42105263157894735,0.968,0.08137188971082716,medium,cfar_margin,140,0,,0,,0.26369552250983624,-0.2313162208887939,0.001,non_overlap_only,0.0,0.7,5.124692507116157,input_specific_validation_background,121,0.886407732963562,1.0921329259872437,0.41145044565200806,0.0388568677008152,0.831462025642395,0.40980689398493464,3.596036672592163,0,1.0,30,0.0
6046,0.016764749215753643,0.014154390004357809,0.010481585138797433,0.0009693617289138822,0.2484076433121019,75,869,75,0.012176692662315237,0.007806706848158298,False,anchor_output,1.0,2.5245375633239746,0.0008,narrow,0.01240489579887529,43,0.36764705882352944,68,0.6323529411764706,0.10623567925732766,0.6935887210652103,52633960420.637924,-0.14267396419145228,73.27094211676012,46.40605579668181,39.967573789433516,4.137496908461607,94,0.40506329113924056,158,0.5949367088607594,0.6753246753246753,0.1521951219512195,medium,clean_peak_percentile,140,28,0.0,28,1.0,0.2067402921959203,-0.19370417296447554,0.01,all,0.0,0.7,3.539928777151064,input_specific_validation_background,156,0.6113378405570984,0.9853881597518921,0.3740502893924713,0.04204874113202095,0.8347625136375427,0.42342123128195025,3.5997157096862793,23,0.6290322580645161,62,0.3709677419354839
6046,0.016764749215753643,0.014154390004357809,0.010481585138797433,0.0009693617289138822,0.2484076433121019,75,869,75,0.012176692662315237,0.007806706848158298,False,anchor_output,1.0,2.5245375633239746,0.0008,narrow,0.01240489579887529,35,0.2857142857142857,49,0.7142857142857143,0.10623567925732766,0.6935887210652103,52633960420.637924,-0.14267396419145228,73.27094211676012,46.40605579668181,39.967573789433516,4.137496908461607,66,0.4453781512605042,119,0.5546218487394958,0.6753246753246753,0.1521951219512195,medium,clean_peak_percentile,140,8,0.0,8,1.0,0.2067402921959203,-0.19370417296447554,0.01,non_overlap_only,0.0,0.7,3.539928777151064,input_specific_validation_background,156,0.6113378405570984,0.9853881597518921,0.3740502893924713,0.04204874113202095,0.8347625136375427,0.42342123128195025,3.5997157096862793,23,0.6290322580645161,62,0.3709677419354839
6046,0.016764749215753643,0.0019720787061973644,0.0003310943284407722,0.0004143321062688104,0.20365535248041775,7,908,7,0.0011688530341349601,0.003350602094308393,False,anchor_output,1.0,2.5245375633239746,0.0008,narrow,0.0011577902745616936,40,0.4117647058823529,68,0.5882352941176471,0.10623567925732766,0.6935887210652103,52633960420.637924,-0.14267396419145228,73.27094211676012,46.40605579668181,39.967573789433516,4.137496908461607,82,0.4810126582278481,158,0.5189873417721519,0.9435483870967742,0.11414634146341464,medium,clean_peak_percentile,140,28,0.0,28,1.0,0.2067402921959203,-0.19370417296447554,0.001,all,0.0,0.7,5.412175919659788,input_specific_validation_background,117,0.6113378405570984,0.9853881597518921,0.3740502893924713,0.04204874113202095,0.8347625136375427,0.42342123128195025,3.5997157096862793,14,0.7741935483870968,62,0.22580645161290322
6046,0.016764749215753643,0.0019720787061973644,0.0003310943284407722,0.0004143321062688104,0.20365535248041775,7,908,7,0.0011688530341349601,0.003350602094308393,False,anchor_output,1.0,2.5245375633239746,0.0008,narrow,0.0011577902745616936,34,0.30612244897959184,49,0.6938775510204082,0.10623567925732766,0.6935887210652103,52633960420.637924,-0.14267396419145228,73.27094211676012,46.40605579668181,39.967573789433516,4.137496908461607,56,0.5294117647058824,119,0.47058823529411764,0.9435483870967742,0.11414634146341464,medium,clean_peak_percentile,140,8,0.0,8,1.0,0.2067402921959203,-0.19370417296447554,0.001,non_overlap_only,0.0,0.7,5.412175919659788,input_specific_validation_background,117,0.6113378405570984,0.9853881597518921,0.3740502893924713,0.04204874113202095,0.8347625136375427,0.42342123128195025,3.5997157096862793,14,0.7741935483870968,62,0.22580645161290322
6046,0.016764749215753643,0.014154390004357809,0.010481585138797433,0.0009693617289138822,0.2484076433121019,75,869,75,0.012176692662315237,0.007806706848158298,False,anchor_output,1.0,2.5245375633239746,0.0008,narrow,0.01240489579887529,65,0.0,65,1.0,0.10623567925732766,0.6935887210652103,52633960420.637924,-0.14267396419145228,73.27094211676012,46.40605579668181,39.967573789433516,4.137496908461607,94,0.40506329113924056,158,0.5949367088607594,0.6753246753246753,0.1521951219512195,medium,cfar_margin,140,29,0.0,29,1.0,0.2067402921959203,-0.19370417296447554,0.01,all,0.0,0.7,3.539928777151064,input_specific_validation_background,156,0.6113378405570984,0.9853881597518921,0.3740502893924713,0.04204874113202095,0.8347625136375427,0.42342123128195025,3.5997157096862793,0,1.0,64,0.0
6046,0.016764749215753643,0.014154390004357809,0.010481585138797433,0.0009693617289138822,0.2484076433121019,75,869,75,0.012176692662315237,0.007806706848158298,False,anchor_output,1.0,2.5245375633239746,0.0008,narrow,0.01240489579887529,52,0.0,52,1.0,0.10623567925732766,0.6935887210652103,52633960420.637924,-0.14267396419145228,73.27094211676012,46.40605579668181,39.967573789433516,4.137496908461607,66,0.4453781512605042,119,0.5546218487394958,0.6753246753246753,0.1521951219512195,medium,cfar_margin,140,14,0.0,14,1.0,0.2067402921959203,-0.19370417296447554,0.01,non_overlap_only,0.0,0.7,3.539928777151064,input_specific_validation_background,156,0.6113378405570984,0.9853881597518921,0.3740502893924713,0.04204874113202095,0.8347625136375427,0.42342123128195025,3.5997157096862793,0,1.0,53,0.0
6046,0.016764749215753643,0.0019720787061973644,0.0003310943284407722,0.0004143321062688104,0.20365535248041775,7,908,7,0.0011688530341349601,0.003350602094308393,False,anchor_output,1.0,2.5245375633239746,0.0008,narrow,0.0011577902745616936,53,0.18461538461538463,65,0.8153846153846154,0.10623567925732766,0.6935887210652103,52633960420.637924,-0.14267396419145228,73.27094211676012,46.40605579668181,39.967573789433516,4.137496908461607,82,0.4810126582278481,158,0.5189873417721519,0.9435483870967742,0.11414634146341464,medium,cfar_margin,140,29,0.0,29,1.0,0.2067402921959203,-0.19370417296447554,0.001,all,0.0,0.7,5.412175919659788,input_specific_validation_background,117,0.6113378405570984,0.9853881597518921,0.3740502893924713,0.04204874113202095,0.8347625136375427,0.42342123128195025,3.5997157096862793,0,1.0,64,0.0
6046,0.016764749215753643,0.0019720787061973644,0.0003310943284407722,0.0004143321062688104,0.20365535248041775,7,908,7,0.0011688530341349601,0.003350602094308393,False,anchor_output,1.0,2.5245375633239746,0.0008,narrow,0.0011577902745616936,42,0.1923076923076923,52,0.8076923076923077,0.10623567925732766,0.6935887210652103,52633960420.637924,-0.14267396419145228,73.27094211676012,46.40605579668181,39.967573789433516,4.137496908461607,56,0.5294117647058824,119,0.47058823529411764,0.9435483870967742,0.11414634146341464,medium,cfar_margin,140,14,0.0,14,1.0,0.2067402921959203,-0.19370417296447554,0.001,non_overlap_only,0.0,0.7,5.412175919659788,input_specific_validation_background,117,0.6113378405570984,0.9853881597518921,0.3740502893924713,0.04204874113202095,0.8347625136375427,0.42342123128195025,3.5997157096862793,0,1.0,53,0.0
5675,0.017964683338358045,0.014664655274605665,0.010721677312145142,0.0010220957953556032,0.1818181818181818,73,1331,73,0.012540625524649632,0.008401088246327914,False,anchor_output,1.0,2.5245375633239746,0.0008,default,0.012863436123348018,47,0.04081632653061229,49,0.9591836734693877,0.10623567925732766,0.6935887210652103,52633960420.637924,-0.14883382975567372,73.27094211676012,46.40605579668181,39.967573789433516,4.137496908461607,124,0.21518987341772156,158,0.7848101265822784,0.6812227074235808,0.10490921318090114,medium,clean_peak_percentile,140,41,0.0,41,1.0,0.2349344544361184,-0.22260351074435472,0.01,all,0.0,0.7,3.548727513979089,input_specific_validation_background,156,0.6113378405570984,0.9853881597518921,0.3740502893924713,0.04204874113202095,0.8347625136375427,0.42342123128195025,3.5997157096862793,36,0.47058823529411764,68,0.5294117647058824
5675,0.017964683338358045,0.014664655274605665,0.010721677312145142,0.0010220957953556032,0.1818181818181818,73,1331,73,0.012540625524649632,0.008401088246327914,False,anchor_output,1.0,2.5245375633239746,0.0008,default,0.012863436123348018,6,0.0,6,1.0,0.10623567925732766,0.6935887210652103,52633960420.637924,-0.14883382975567372,73.27094211676012,46.40605579668181,39.967573789433516,4.137496908461607,33,0.42105263157894735,57,0.5789473684210527,0.6812227074235808,0.10490921318090114,medium,clean_peak_percentile,140,0,,0,,0.2349344544361184,-0.22260351074435472,0.01,non_overlap_only,0.0,0.7,3.548727513979089,input_specific_validation_background,156,0.6113378405570984,0.9853881597518921,0.3740502893924713,0.04204874113202095,0.8347625136375427,0.42342123128195025,3.5997157096862793,27,0.47058823529411764,51,0.5294117647058824
5675,0.017964683338358045,0.002099021395365231,0.00035184081908166303,0.00044128132253701144,0.14525139664804468,7,1370,7,0.0012646664666041733,0.0036443507423599996,False,anchor_output,1.0,2.5245375633239746,0.0008,default,0.0012334801762114538,46,0.061224489795918324,49,0.9387755102040817,0.10623567925732766,0.6935887210652103,52633960420.637924,-0.14883382975567372,73.27094211676012,46.40605579668181,39.967573789433516,4.137496908461607,111,0.2974683544303798,158,0.7025316455696202,0.9435483870967742,0.07868190988567586,medium,clean_peak_percentile,140,41,0.0,41,1.0,0.2349344544361184,-0.22260351074435472,0.001,all,0.0,0.7,5.4164344708178165,input_specific_validation_background,117,0.6113378405570984,0.9853881597518921,0.3740502893924713,0.04204874113202095,0.8347625136375427,0.42342123128195025,3.5997157096862793,24,0.6470588235294117,68,0.35294117647058826
5675,0.017964683338358045,0.002099021395365231,0.00035184081908166303,0.00044128132253701144,0.14525139664804468,7,1370,7,0.0012646664666041733,0.0036443507423599996,False,anchor_output,1.0,2.5245375633239746,0.0008,default,0.0012334801762114538,6,0.0,6,1.0,0.10623567925732766,0.6935887210652103,52633960420.637924,-0.14883382975567372,73.27094211676012,46.40605579668181,39.967573789433516,4.137496908461607,24,0.5789473684210527,57,0.42105263157894735,0.9435483870967742,0.07868190988567586,medium,clean_peak_percentile,140,0,,0,,0.2349344544361184,-0.22260351074435472,0.001,non_overlap_only,0.0,0.7,5.4164344708178165,input_specific_validation_background,117,0.6113378405570984,0.9853881597518921,0.3740502893924713,0.04204874113202095,0.8347625136375427,0.42342123128195025,3.5997157096862793,18,0.6470588235294117,51,0.35294117647058826
5675,0.017964683338358045,0.014664655274605665,0.010721677312145142,0.0010220957953556032,0.1818181818181818,73,1331,73,0.012540625524649632,0.008401088246327914,False,anchor_output,1.0,2.5245375633239746,0.0008,default,0.012863436123348018,87,0.0,87,1.0,0.10623567925732766,0.6935887210652103,52633960420.637924,-0.14883382975567372,73.27094211676012,46.40605579668181,39.967573789433516,4.137496908461607,124,0.21518987341772156,158,0.7848101265822784,0.6812227074235808,0.10490921318090114,medium,cfar_margin,140,28,0.0,28,1.0,0.2349344544361184,-0.22260351074435472,0.01,all,0.0,0.7,3.548727513979089,input_specific_validation_background,156,0.6113378405570984,0.9853881597518921,0.3740502893924713,0.04204874113202095,0.8347625136375427,0.42342123128195025,3.5997157096862793,9,0.7906976744186046,43,0.20930232558139536
5675,0.017964683338358045,0.014664655274605665,0.010721677312145142,0.0010220957953556032,0.1818181818181818,73,1331,73,0.012540625524649632,0.008401088246327914,False,anchor_output,1.0,2.5245375633239746,0.0008,default,0.012863436123348018,27,0.0,27,1.0,0.10623567925732766,0.6935887210652103,52633960420.637924,-0.14883382975567372,73.27094211676012,46.40605579668181,39.967573789433516,4.137496908461607,33,0.42105263157894735,57,0.5789473684210527,0.6812227074235808,0.10490921318090114,medium,cfar_margin,140,0,,0,,0.2349344544361184,-0.22260351074435472,0.01,non_overlap_only,0.0,0.7,3.548727513979089,input_specific_validation_background,156,0.6113378405570984,0.9853881597518921,0.3740502893924713,0.04204874113202095,0.8347625136375427,0.42342123128195025,3.5997157096862793,6,0.8,30,0.2
5675,0.017964683338358045,0.002099021395365231,0.00035184081908166303,0.00044128132253701144,0.14525139664804468,7,1370,7,0.0012646664666041733,0.0036443507423599996,False,anchor_output,1.0,2.5245375633239746,0.0008,default,0.0012334801762114538,83,0.04597701149425293,87,0.9540229885057471,0.10623567925732766,0.6935887210652103,52633960420.637924,-0.14883382975567372,73.27094211676012,46.40605579668181,39.967573789433516,4.137496908461607,111,0.2974683544303798,158,0.7025316455696202,0.9435483870967742,0.07868190988567586,medium,cfar_margin,140,28,0.0,28,1.0,0.2349344544361184,-0.22260351074435472,0.001,all,0.0,0.7,5.4164344708178165,input_specific_validation_background,117,0.6113378405570984,0.9853881597518921,0.3740502893924713,0.04204874113202095,0.8347625136375427,0.42342123128195025,3.5997157096862793,0,1.0,43,0.0
5675,0.017964683338358045,0.002099021395365231,0.00035184081908166303,0.00044128132253701144,0.14525139664804468,7,1370,7,0.0012646664666041733,0.0036443507423599996,False,anchor_output,1.0,2.5245375633239746,0.0008,default,0.0012334801762114538,24,0.11111111111111116,27,0.8888888888888888,0.10623567925732766,0.6935887210652103,52633960420.637924,-0.14883382975567372,73.27094211676012,46.40605579668181,39.967573789433516,4.137496908461607,24,0.5789473684210527,57,0.42105263157894735,0.9435483870967742,0.07868190988567586,medium,cfar_margin,140,0,,0,,0.2349344544361184,-0.22260351074435472,0.001,non_overlap_only,0.0,0.7,5.4164344708178165,input_specific_validation_background,117,0.6113378405570984,0.9853881597518921,0.3740502893924713,0.04204874113202095,0.8347625136375427,0.42342123128195025,3.5997157096862793,0,1.0,30,0.0
