alpha,background_det_term,baseline,definition,det_term,detection_term,epoch,family,gamma,grad_norm_before_clip,lambda_rec,lr,magmse_term,pos_weight,split_definition_train,stage,step,target_det_term,temperature,train_loss,val_background_det_term,val_det_term,val_detection_term,val_loss,val_magmse_term,val_target_det_term,weak_weight
,0.11367616057395935,balanced_mild,baseline,1.6952959299087524,,,balanced,,1.6157231330871582,0.5,0.0003,4.064162254333496,1.185188030373864,,tiny_batch,1,3.273585557937622,1.0,3.727376937866211,,,,,,,
,0.10963906347751617,balanced_mild,baseline,1.7543809413909912,,,balanced,,2.33957576751709,0.5,0.0003,4.4183173179626465,1.185188030373864,,tiny_batch,10,3.2268266677856445,1.0,3.9635396003723145,,,,,,,
,0.10560715943574905,balanced_mild,baseline,1.6032030582427979,,,balanced,,2.8945701122283936,0.5,0.0003,3.2370641231536865,1.185188030373864,,tiny_batch,20,3.187605142593384,1.0,3.2217350006103516,,,,,,,
,0.09630075842142105,balanced_mild,baseline,1.07882559299469,,,balanced,,3.838268280029297,0.5,0.0003,2.197894811630249,1.185188030373864,,tiny_batch,30,2.9874610900878906,1.0,2.1777729988098145,,,,,,,
,0.06706022471189499,balanced_mild,baseline,1.6602720022201538,,,balanced,,4.944629192352295,0.5,0.0003,1.8749173879623413,1.185188030373864,,tiny_batch,40,3.190178155899048,1.0,2.5977306365966797,,,,,,,
,0.03628257289528847,balanced_mild,baseline,1.2841401100158691,,,balanced,,5.199207305908203,0.5,0.0003,1.3089460134506226,1.185188030373864,,tiny_batch,50,3.0580787658691406,1.0,1.9386131763458252,,,,,,,
,0.05085957795381546,balanced_mild,baseline,0.9319221377372742,,,balanced,,5.912396430969238,0.5,0.0003,1.4280304908752441,1.185188030373864,,tiny_batch,60,2.8660640716552734,1.0,1.645937442779541,,,,,,,
,0.044155508279800415,balanced_mild,baseline,1.048100233078003,,,balanced,,2.994211196899414,0.5,0.0003,0.7619625329971313,1.185188030373864,,tiny_batch,70,2.9983458518981934,1.0,1.4290814399719238,,,,,,,
,0.03582462668418884,balanced_mild,baseline,1.6362658739089966,,,balanced,,2.8409156799316406,0.5,0.0003,1.1093125343322754,1.185188030373864,,tiny_batch,80,3.233336925506592,1.0,2.190922260284424,,,,,,,
,0.03943420201539993,balanced_mild,baseline,1.1174588203430176,,,balanced,,4.288027286529541,0.5,0.0003,0.9544302225112915,1.185188030373864,,tiny_batch,90,3.043261766433716,1.0,1.5946738719940186,,,,,,,
,0.05336213484406471,balanced_mild,baseline,1.3844854831695557,,,balanced,,2.361449956893921,0.5,0.0003,1.4072344303131104,1.185188030373864,,tiny_batch,100,3.107913017272949,1.0,2.0881028175354004,,,,,,,
,0.041754983365535736,balanced_mild,baseline,1.1074856519699097,,,balanced,,2.1699013710021973,0.5,0.0003,0.6922036409378052,1.185188030373864,,tiny_batch,110,3.007939338684082,1.0,1.453587532043457,,,,,,,
,0.04416269063949585,balanced_mild,baseline,1.6424312591552734,,,balanced,,2.5553479194641113,0.5,0.0003,0.8619983196258545,1.185188030373864,,tiny_batch,120,3.1771934032440186,1.0,2.0734305381774902,,,,,,,
,0.04947339899837971,balanced_mild,baseline,1.4649083479245504,,1,balanced,,2.3408988424142203,0.5,0.0003,0.6675286624828974,1.185188030373864,,small_subset,,3.1456465514500938,1.0,1.7986726784706115,0.05475916340947151,0.7563914656639099,,0.9888400435447693,0.46489715576171875,3.0258090496063232,
,0.047440309897065165,balanced_mild,baseline,1.4643545397122701,,2,balanced,,2.004557408094406,0.5,0.0003,0.44456492791573204,1.185188030373864,,small_subset,,3.1449255625406902,1.0,1.6866370018323262,0.054641321301460266,0.7560458183288574,,0.8946650624275208,0.2772384583950043,3.0247268676757812,
,0.046474885443846384,balanced_mild,baseline,1.463509761095047,,3,balanced,,1.5690522007147472,0.5,0.0003,0.26936145598689715,1.185188030373864,,small_subset,,3.1453673537572224,1.0,1.598190488020579,0.05464906617999077,0.7562241554260254,,0.8563951849937439,0.20034204423427582,3.0254569053649902,
,0.046129002223412194,balanced_mild,baseline,1.4630769677956899,,4,balanced,,1.4397367227077484,0.5,0.0003,0.23239018132289252,1.185188030373864,,small_subset,,3.145879429181417,1.0,1.579272050857544,0.053862832486629486,0.7551577091217041,,0.8544976115226746,0.19867980480194092,3.023483991622925,
,0.04631538430849711,balanced_mild,baseline,1.4631262862682342,,5,balanced,,1.3400146623452505,0.5,0.0003,0.21636095359921456,1.185188030373864,,small_subset,,3.146113882064819,1.0,1.5713067626953126,0.05360417440533638,0.7548885345458984,,0.8456888198852539,0.18160060048103333,3.0231809616088867,
,0.04627999457220237,balanced_mild,baseline,1.4615611004829407,,6,balanced,,1.258494041164716,0.5,0.0003,0.20120300407210986,1.185188030373864,,small_subset,,3.1416427675882974,1.0,1.5621626051266988,0.05362425372004509,0.7547731399536133,,0.840205729007721,0.17086520791053772,3.022627353668213,
,0.04627510021130244,balanced_mild,baseline,1.4627715706825257,,7,balanced,,1.2270878760019939,0.5,0.0003,0.18417033863564333,1.185188030373864,,small_subset,,3.1442435026168822,1.0,1.5548567414283752,0.054051924496889114,0.7552364468574524,,0.833570122718811,0.15666735172271729,3.0232057571411133,
,0.046015694836775464,balanced_mild,baseline,1.4611508723100026,,8,balanced,,1.151730894247691,0.5,0.0003,0.16701651317377886,1.185188030373864,,small_subset,,3.1428150192896527,1.0,1.5446591226259867,0.05504143238067627,0.7559147477149963,,0.8278543949127197,0.1438792496919632,3.0228776931762695,
,0.0995575338602066,d5b_orig_peak_w2p0,clean_peak_percentile,,1.4138964414596558,,,,2.417327642440796,0.5,0.0003,7.697585582733154,,clean_peak_percentile,tiny_batch,1,3.0377819538116455,1.0,5.262689113616943,,,,,,,2.0
,0.09305648505687714,d5b_orig_peak_w2p0,clean_peak_percentile,,1.3923710584640503,,,,1.751665472984314,0.5,0.0003,2.9420089721679688,,clean_peak_percentile,tiny_batch,10,3.0319008827209473,1.0,2.863375663757324,,,,,,,2.0
,0.06829597800970078,d5b_orig_peak_w2p0,clean_peak_percentile,,1.5454890727996826,,,,1.9258590936660767,0.5,0.0003,1.73468816280365,,clean_peak_percentile,tiny_batch,20,3.0594303607940674,1.0,2.4128332138061523,,,,,,,2.0
,0.12151581794023514,d5b_orig_peak_w2p0,clean_peak_percentile,,1.5852036476135254,,,,6.050747394561768,0.5,0.0003,3.8962063789367676,,clean_peak_percentile,tiny_batch,30,3.071497917175293,1.0,3.533306837081909,,,,,,,2.0
,0.04498915746808052,d5b_orig_peak_w2p0,clean_peak_percentile,,1.5910784006118774,,,,2.5922296047210693,0.5,0.0003,1.441441535949707,,clean_peak_percentile,tiny_batch,40,3.248872995376587,1.0,2.3117990493774414,,,,,,,2.0
,0.051900554448366165,d5b_orig_peak_w2p0,clean_peak_percentile,,1.6878639459609985,,,,3.0341145992279053,0.5,0.0003,0.9475314617156982,,clean_peak_percentile,tiny_batch,50,3.1747195720672607,1.0,2.1616296768188477,,,,,,,2.0
,0.05738290026783943,d5b_orig_peak_w2p0,clean_peak_percentile,,1.3096389770507812,,,,6.117867469787598,0.5,0.0003,1.4704588651657104,,clean_peak_percentile,tiny_batch,60,2.8909311294555664,1.0,2.0448684692382812,,,,,,,2.0
,0.043762873858213425,d5b_orig_peak_w2p0,clean_peak_percentile,,1.3539632558822632,,,,2.224702835083008,0.5,0.0003,0.7784355878829956,,clean_peak_percentile,tiny_batch,70,3.0074174404144287,1.0,1.7431809902191162,,,,,,,2.0
,0.04374713450670242,d5b_orig_peak_w2p0,clean_peak_percentile,,1.6298977136611938,,,,3.9224278926849365,0.5,0.0003,0.8812254667282104,,clean_peak_percentile,tiny_batch,80,3.216519832611084,1.0,2.0705103874206543,,,,,,,2.0
,0.055218227207660675,d5b_orig_peak_w2p0,clean_peak_percentile,,1.6499511003494263,,,,2.317805290222168,0.5,0.0003,1.5288197994232178,,clean_peak_percentile,tiny_batch,90,3.2147860527038574,1.0,2.414361000061035,,,,,,,2.0
,0.05446867272257805,d5b_orig_peak_w2p0,clean_peak_percentile,,1.2704434394836426,,,,5.406827926635742,0.5,0.0003,1.0789384841918945,,clean_peak_percentile,tiny_batch,100,2.934986114501953,1.0,1.8099126815795898,,,,,,,2.0
,0.04989928379654884,d5b_orig_peak_w2p0,clean_peak_percentile,,1.4965457916259766,,,,2.057725667953491,0.5,0.0003,0.8894230127334595,,clean_peak_percentile,tiny_batch,110,3.1232621669769287,1.0,1.9412572383880615,,,,,,,2.0
,0.04150283336639404,d5b_orig_peak_w2p0,clean_peak_percentile,,1.526976227760315,,,,2.270496368408203,0.5,0.0003,0.4767322242259979,,clean_peak_percentile,tiny_batch,120,3.0681257247924805,1.0,1.765342354774475,,,,,,,2.0
,0.049345244839787486,d5b_orig_peak_w2p0,clean_peak_percentile,,1.5498705458641053,1,,,2.443250383933385,0.5,0.0003,0.6632466693719228,,clean_peak_percentile,small_subset,,3.14989417552948,1.0,1.8814938835302988,0.055525779724121094,,0.9763066172599792,1.2161674499511719,0.4797217547893524,3.0239670276641846,2.0
,0.048039827520648636,d5b_orig_peak_w2p0,clean_peak_percentile,,1.54659276843071,2,,,1.9858818727731704,0.5,0.0003,0.460797597716252,,clean_peak_percentile,small_subset,,3.1507846132914223,1.0,1.7769915604591369,0.05466866120696068,,0.9757488965988159,1.1244184970855713,0.2973392605781555,3.024158239364624,2.0
,0.046658679693937305,d5b_orig_peak_w2p0,clean_peak_percentile,,1.5442906463146209,3,,,1.6082092344760894,0.5,0.0003,0.27842421119411787,,clean_peak_percentile,small_subset,,3.149679314295451,1.0,1.6835027488072714,0.054360367357730865,,0.9755446314811707,1.075042963027954,0.19899658858776093,3.0242552757263184,2.0
,0.04643500609944264,d5b_orig_peak_w2p0,clean_peak_percentile,,1.5435487778981527,4,,,1.4242595064640045,0.5,0.0003,0.22932786519328754,,clean_peak_percentile,small_subset,,3.1463592497507733,1.0,1.6582127086321512,0.054424699395895004,,0.9752660393714905,1.0759304761886597,0.2013287991285324,3.023385524749756,2.0
,0.04631038159132004,d5b_orig_peak_w2p0,clean_peak_percentile,,1.5432004976272582,5,,,1.3283193182945252,0.5,0.0003,0.21170834658046564,,clean_peak_percentile,small_subset,,3.1456237173080446,1.0,1.6490546707312266,0.05416638404130936,,0.9750600457191467,1.0688427686691284,0.18756535649299622,3.0233285427093506,2.0
,0.046374162286520006,d5b_orig_peak_w2p0,clean_peak_percentile,,1.5447253672281902,6,,,1.2925906930367153,0.5,0.0003,0.19973554039994876,,clean_peak_percentile,small_subset,,3.1409511741002403,1.0,1.6445931406815846,0.0536159910261631,,0.974277138710022,1.0569708347320557,0.16538730263710022,3.0219719409942627,2.0
,0.046238933131098746,d5b_orig_peak_w2p0,clean_peak_percentile,,1.5444339569409689,7,,,1.242743243376414,0.5,0.0003,0.1839440156519413,,clean_peak_percentile,small_subset,,3.144137333234151,1.0,1.636405971844991,0.053684674203395844,,0.9743648171424866,1.0480504035949707,0.14737117290496826,3.021944761276245,2.0
,0.04624558245142301,d5b_orig_peak_w2p0,clean_peak_percentile,,1.5440186985333761,8,,,1.1930063050985336,0.5,0.0003,0.16850349488357702,,clean_peak_percentile,small_subset,,3.143652187983195,1.0,1.6282704416910807,0.053233712911605835,,0.9736424088478088,1.046799659729004,0.1463145762681961,3.020750045776367,2.0
,0.1301409751176834,d5b_peak_non_overlap_w2p0,clean_peak_non_overlap,,1.8412754535675049,,,,1.7027032375335693,0.5,0.0003,3.832021713256836,,clean_peak_non_overlap,tiny_batch,1,3.2832672595977783,1.0,3.757286310195923,,,,,,,2.0
,0.07651615142822266,d5b_peak_non_overlap_w2p0,clean_peak_non_overlap,,1.4074815511703491,,,,2.0262293815612793,0.5,0.0003,3.175523281097412,,clean_peak_non_overlap,tiny_batch,10,3.132829189300537,1.0,2.9952430725097656,,,,,,,2.0
,0.07168001681566238,d5b_peak_non_overlap_w2p0,clean_peak_non_overlap,,1.4574437141418457,,,,5.396139621734619,0.5,0.0003,5.177623271942139,,clean_peak_non_overlap,tiny_batch,20,3.1463754177093506,1.0,4.046255111694336,,,,,,,2.0
,0.11356152594089508,d5b_peak_non_overlap_w2p0,clean_peak_non_overlap,,1.5712482929229736,,,,6.951304912567139,0.5,0.0003,4.118650913238525,,clean_peak_non_overlap,tiny_batch,30,3.1719233989715576,1.0,3.6305737495422363,,,,,,,2.0
,0.03814219683408737,d5b_peak_non_overlap_w2p0,clean_peak_non_overlap,,1.326225757598877,,,,2.8096542358398438,0.5,0.0003,0.9115256071090698,,clean_peak_non_overlap,tiny_batch,40,3.160250663757324,1.0,1.7819886207580566,,,,,,,2.0
,0.043266136199235916,d5b_peak_non_overlap_w2p0,clean_peak_non_overlap,,1.399484395980835,,,,2.464388132095337,0.5,0.0003,0.6972284913063049,,clean_peak_non_overlap,tiny_batch,50,3.1014404296875,1.0,1.748098611831665,,,,,,,2.0
,0.06884758919477463,d5b_peak_non_overlap_w2p0,clean_peak_non_overlap,,1.708448886871338,,,,4.815161228179932,0.5,0.0003,1.6270034313201904,,clean_peak_non_overlap,tiny_batch,60,3.2346808910369873,1.0,2.5219507217407227,,,,,,,2.0
,0.05292953923344612,d5b_peak_non_overlap_w2p0,clean_peak_non_overlap,,1.2836172580718994,,,,1.9735729694366455,0.5,0.0003,1.2227697372436523,,clean_peak_non_overlap,tiny_batch,70,3.0113422870635986,1.0,1.8950021266937256,,,,,,,2.0
,0.04734618589282036,d5b_peak_non_overlap_w2p0,clean_peak_non_overlap,,1.540407657623291,,,,2.3964145183563232,0.5,0.0003,0.630377471446991,,clean_peak_non_overlap,tiny_batch,80,3.0665345191955566,1.0,1.8555964231491089,,,,,,,2.0
,0.04479368031024933,d5b_peak_non_overlap_w2p0,clean_peak_non_overlap,,1.2257030010223389,,,,2.936988353729248,0.5,0.0003,0.9809614419937134,,clean_peak_non_overlap,tiny_batch,90,3.034670829772949,1.0,1.7161836624145508,,,,,,,2.0
,0.0369984433054924,d5b_peak_non_overlap_w2p0,clean_peak_non_overlap,,1.5739295482635498,,,,1.6199510097503662,0.5,0.0003,0.9154874086380005,,clean_peak_non_overlap,tiny_batch,100,3.22619891166687,1.0,2.0316731929779053,,,,,,,2.0
,0.041039664298295975,d5b_peak_non_overlap_w2p0,clean_peak_non_overlap,,1.2777435779571533,,,,1.0370539426803589,0.5,0.0003,0.34650808572769165,,clean_peak_non_overlap,tiny_batch,110,2.947122097015381,1.0,1.4509975910186768,,,,,,,2.0
,0.057115338742733,d5b_peak_non_overlap_w2p0,clean_peak_non_overlap,,1.7801640033721924,,,,1.777010440826416,0.5,0.0003,0.8691627979278564,,clean_peak_non_overlap,tiny_batch,120,3.139284372329712,1.0,2.21474552154541,,,,,,,2.0
,0.0490820325165987,d5b_peak_non_overlap_w2p0,clean_peak_non_overlap,,1.4466220366954803,1,,,2.420345788002014,0.5,0.0003,0.6559993965427081,,clean_peak_non_overlap,small_subset,,3.1511601114273073,1.0,1.7746217306454977,0.05612415820360184,,0.9081572890281677,1.1369508504867554,0.4575871527194977,3.024406671524048,2.0
,0.04730843173960845,d5b_peak_non_overlap_w2p0,clean_peak_non_overlap,,1.445786288579305,2,,,1.9711224794387818,0.5,0.0003,0.44293687919775643,,clean_peak_non_overlap,small_subset,,3.148186248143514,1.0,1.6672547300656637,0.0547013096511364,,0.9074427485466003,1.044993281364441,0.2751011550426483,3.0251495838165283,2.0
,0.04626017230252425,d5b_peak_non_overlap_w2p0,clean_peak_non_overlap,,1.4442191755771636,3,,,1.6431559562683105,0.5,0.0003,0.2734534681836764,,clean_peak_non_overlap,small_subset,,3.14951047261556,1.0,1.5809459094206493,0.053956013172864914,,0.9066950082778931,1.0032461881637573,0.19310246407985687,3.0243332386016846,2.0
,0.04619720568259557,d5b_peak_non_overlap_w2p0,clean_peak_non_overlap,,1.443024787902832,4,,,1.4300373405218125,0.5,0.0003,0.23152987827857335,,clean_peak_non_overlap,small_subset,,3.146317677497864,1.0,1.5587897284825643,0.05492505058646202,,0.9070838093757629,0.9970620274543762,0.17995642125606537,3.0235748291015625,2.0
,0.046106622392932575,d5b_peak_non_overlap_w2p0,clean_peak_non_overlap,,1.4448646064599355,5,,,1.355518990755081,0.5,0.0003,0.2163008671750625,,clean_peak_non_overlap,small_subset,,3.145266729990641,1.0,1.5530150413513184,0.05392899364233017,,0.9062628746032715,1.0027765035629272,0.1930273026227951,3.023108959197998,2.0
,0.04601462644835313,d5b_peak_non_overlap_w2p0,clean_peak_non_overlap,,1.4435641437768936,6,,,1.2577203665177028,0.5,0.0003,0.20045202150940894,,clean_peak_non_overlap,small_subset,,3.146055245399475,1.0,1.5437901484966279,0.05373505875468254,,0.9060062766075134,0.9910191893577576,0.17002585530281067,3.022871494293213,2.0
,0.046228055382768314,d5b_peak_non_overlap_w2p0,clean_peak_non_overlap,,1.4432922764619192,7,,,1.2355911099910737,0.5,0.0003,0.18664772383868694,,clean_peak_non_overlap,small_subset,,3.145103874206543,1.0,1.536616140206655,0.054187238216400146,,0.90632164478302,0.9899518489837646,0.16726045310497284,3.0225672721862793,2.0
,0.04586185929675897,d5b_peak_non_overlap_w2p0,clean_peak_non_overlap,,1.4442121096452076,8,,,1.1968624456723531,0.5,0.0003,0.17093676830331483,,clean_peak_non_overlap,small_subset,,3.1462093083063762,1.0,1.529680494070053,0.05363339185714722,,0.9055768847465515,0.9763472080230713,0.14154069125652313,3.021477699279785,2.0
,0.10114289075136185,d5b_peak_overlap_aware_w2p0,clean_peak_overlap_aware,,1.52986478805542,,,,1.4604226350784302,0.5,0.0003,3.203841209411621,,clean_peak_overlap_aware,tiny_batch,1,3.095266819000244,1.0,3.1317853927612305,,,,,,,2.0
,0.07035364210605621,d5b_peak_overlap_aware_w2p0,clean_peak_overlap_aware,,1.5042544603347778,,,,1.8426934480667114,0.5,0.0003,2.988490343093872,,clean_peak_overlap_aware,tiny_batch,10,3.051508665084839,1.0,2.998499631881714,,,,,,,2.0
,0.1286400407552719,d5b_peak_overlap_aware_w2p0,clean_peak_overlap_aware,,1.534767508506775,,,,4.395203113555908,0.5,0.0003,4.729443550109863,,clean_peak_overlap_aware,tiny_batch,20,3.0574934482574463,1.0,3.899489402770996,,,,,,,2.0
,0.07055874913930893,d5b_peak_overlap_aware_w2p0,clean_peak_overlap_aware,,1.7633181810379028,,,,3.6239171028137207,0.5,0.0003,2.912022829055786,,clean_peak_overlap_aware,tiny_batch,30,3.3045670986175537,1.0,3.219329595565796,,,,,,,2.0
,0.03676537424325943,d5b_peak_overlap_aware_w2p0,clean_peak_overlap_aware,,1.3009697198867798,,,,3.147798538208008,0.5,0.0003,1.4534014463424683,,clean_peak_overlap_aware,tiny_batch,40,3.1386878490448,1.0,2.027670383453369,,,,,,,2.0
,0.05141068994998932,d5b_peak_overlap_aware_w2p0,clean_peak_overlap_aware,,1.6777580976486206,,,,2.3769354820251465,0.5,0.0003,0.6522052884101868,,clean_peak_overlap_aware,tiny_batch,50,3.0942540168762207,1.0,2.0038607120513916,,,,,,,2.0
,0.040749892592430115,d5b_peak_overlap_aware_w2p0,clean_peak_overlap_aware,,1.622897982597351,,,,2.988386631011963,0.5,0.0003,0.7916979193687439,,clean_peak_overlap_aware,tiny_batch,60,3.1549768447875977,1.0,2.018746852874756,,,,,,,2.0
,0.03946677967905998,d5b_peak_overlap_aware_w2p0,clean_peak_overlap_aware,,1.666994333267212,,,,2.3349547386169434,0.5,0.0003,0.8729209899902344,,clean_peak_overlap_aware,tiny_batch,70,3.2114927768707275,1.0,2.103454828262329,,,,,,,2.0
,0.043291520327329636,d5b_peak_overlap_aware_w2p0,clean_peak_overlap_aware,,1.800593614578247,,,,2.239358425140381,0.5,0.0003,0.6971288919448853,,clean_peak_overlap_aware,tiny_batch,80,3.2185747623443604,1.0,2.149158000946045,,,,,,,2.0
,0.0559842623770237,d5b_peak_overlap_aware_w2p0,clean_peak_overlap_aware,,1.68308687210083,,,,1.624828577041626,0.5,0.0003,0.9119738340377808,,clean_peak_overlap_aware,tiny_batch,90,3.123706579208374,1.0,2.1390738487243652,,,,,,,2.0
,0.0381636917591095,d5b_peak_overlap_aware_w2p0,clean_peak_overlap_aware,,1.7514818906784058,,,,1.1481908559799194,0.5,0.0003,0.941756546497345,,clean_peak_overlap_aware,tiny_batch,100,3.248835802078247,1.0,2.222360134124756,,,,,,,2.0
,0.04737674817442894,d5b_peak_overlap_aware_w2p0,clean_peak_overlap_aware,,1.4189730882644653,,,,2.8833911418914795,0.5,0.0003,0.7599750757217407,,clean_peak_overlap_aware,tiny_batch,110,3.044005870819092,1.0,1.7989606857299805,,,,,,,2.0
,0.038294125348329544,d5b_peak_overlap_aware_w2p0,clean_peak_overlap_aware,,1.3833510875701904,,,,1.9555522203445435,0.5,0.0003,0.5182322263717651,,clean_peak_overlap_aware,tiny_batch,120,3.0990653038024902,1.0,1.6424672603607178,,,,,,,2.0
,0.049576626668373744,d5b_peak_overlap_aware_w2p0,clean_peak_overlap_aware,,1.4779221832752227,1,,,2.388355789979299,0.5,0.0003,0.6703747555613517,,clean_peak_overlap_aware,small_subset,,3.1517554712295532,1.0,1.8131095639864603,0.055357594043016434,,0.9488668441772461,1.1861242055892944,0.47451481223106384,3.024064064025879,2.0
,0.048088703776399296,d5b_peak_overlap_aware_w2p0,clean_peak_overlap_aware,,1.4766347833474478,2,,,1.9143147424856821,0.5,0.0003,0.483622214247783,,clean_peak_overlap_aware,small_subset,,3.1494787804285687,1.0,1.71844588915507,0.054040685296058655,,0.947864294052124,1.1096326112747192,0.3235367238521576,3.0238819122314453,2.0
,0.04677625596523285,d5b_peak_overlap_aware_w2p0,clean_peak_overlap_aware,,1.4762531105677288,3,,,1.6452282496293387,0.5,0.0003,0.302806060363849,,clean_peak_overlap_aware,small_subset,,3.148242972691854,1.0,1.6276561450958251,0.054743342101573944,,0.948244035243988,1.0484858751296997,0.20048366487026215,3.0236270427703857,2.0
,0.046380716462930044,d5b_peak_overlap_aware_w2p0,clean_peak_overlap_aware,,1.4758891618251802,4,,,1.4453680614630382,0.5,0.0003,0.23645126009980838,,clean_peak_overlap_aware,small_subset,,3.147836308479309,1.0,1.59411478916804,0.05425768345594406,,0.9476805329322815,1.0457477569580078,0.19613449275493622,3.0227324962615967,2.0
,0.0463483723004659,d5b_peak_overlap_aware_w2p0,clean_peak_overlap_aware,,1.4760515622297923,5,,,1.3583574028809866,0.5,0.0003,0.21945681924621263,,clean_peak_overlap_aware,small_subset,,3.146121012369792,1.0,1.5857799748579662,0.0544884018599987,,0.9478157162666321,1.0372660160064697,0.17890048027038574,3.0226714611053467,2.0
,0.046196704308191935,d5b_peak_overlap_aware_w2p0,clean_peak_overlap_aware,,1.4748197448253633,6,,,1.27255844215552,0.5,0.0003,0.20129174316922824,,clean_peak_overlap_aware,small_subset,,3.147244388262431,1.0,1.575465616385142,0.053862590342760086,,0.9473834037780762,1.0310819149017334,0.16739709675312042,3.0227413177490234,2.0
,0.04616039122144381,d5b_peak_overlap_aware_w2p0,clean_peak_overlap_aware,,1.473339428504308,7,,,1.2141790841023128,0.5,0.0003,0.1840353645881017,,clean_peak_overlap_aware,small_subset,,3.147745002110799,1.0,1.5653571124871573,0.0539533905684948,,0.9472537636756897,1.0314074754714966,0.16830742359161377,3.0222294330596924,2.0
,0.04595741398632527,d5b_peak_overlap_aware_w2p0,clean_peak_overlap_aware,,1.474586482445399,8,,,1.1349891211589178,0.5,0.0003,0.16594875777761142,,clean_peak_overlap_aware,small_subset,,3.1453616507848103,1.0,1.5575608575344086,0.05437655374407768,,0.9472700953483582,1.0176180601119995,0.1406959891319275,3.021238088607788,2.0
,0.047317974269390106,d5b_isolated_only_w2p0,isolated_target_only,,1.4045802354812622,,,,0.8016509413719177,0.5,0.0003,1.8216228485107422,,isolated_target_only,tiny_batch,1,3.0502288341522217,1.0,2.3153915405273438,,,,,,,2.0
,0.09536666423082352,d5b_isolated_only_w2p0,isolated_target_only,,1.5235241651535034,,,,1.1907175779342651,0.5,0.0003,2.232119083404541,,isolated_target_only,tiny_batch,10,3.088754177093506,1.0,2.6395835876464844,,,,,,,2.0
,0.06193014979362488,d5b_isolated_only_w2p0,isolated_target_only,,1.1503541469573975,,,,3.1868462562561035,0.5,0.0003,3.5951895713806152,,isolated_target_only,tiny_batch,20,2.9982001781463623,1.0,2.947948932647705,,,,,,,2.0
,0.09165831655263901,d5b_isolated_only_w2p0,isolated_target_only,,1.5122320652008057,,,,4.051281452178955,0.5,0.0003,2.8536415100097656,,isolated_target_only,tiny_batch,30,3.176682710647583,1.0,2.9390528202056885,,,,,,,2.0
,0.081422820687294,d5b_isolated_only_w2p0,isolated_target_only,,1.5033926963806152,,,,5.263350486755371,0.5,0.0003,2.3105103969573975,,isolated_target_only,tiny_batch,40,3.168225049972534,1.0,2.6586480140686035,,,,,,,2.0
,0.06596886366605759,d5b_isolated_only_w2p0,isolated_target_only,,1.6023825407028198,,,,2.0674564838409424,0.5,0.0003,1.1378668546676636,,isolated_target_only,tiny_batch,50,3.0851118564605713,1.0,2.171315908432007,,,,,,,2.0
,0.040194038301706314,d5b_isolated_only_w2p0,isolated_target_only,,1.2990658283233643,,,,6.787618160247803,0.5,0.0003,1.6199560165405273,,isolated_target_only,tiny_batch,60,3.1668481826782227,1.0,2.109043836593628,,,,,,,2.0
,0.042613495141267776,d5b_isolated_only_w2p0,isolated_target_only,,1.635363221168518,,,,2.3887131214141846,0.5,0.0003,1.234691858291626,,isolated_target_only,tiny_batch,70,3.216277599334717,1.0,2.252709150314331,,,,,,,2.0
,0.04003109410405159,d5b_isolated_only_w2p0,isolated_target_only,,1.3390048742294312,,,,1.6140742301940918,0.5,0.0003,0.4939689636230469,,isolated_target_only,tiny_batch,80,3.077340841293335,1.0,1.5859893560409546,,,,,,,2.0
,0.05363329127430916,d5b_isolated_only_w2p0,isolated_target_only,,1.3018360137939453,,,,1.363548994064331,0.5,0.0003,0.9110555648803711,,isolated_target_only,tiny_batch,90,2.897752046585083,1.0,1.7573637962341309,,,,,,,2.0
,0.041684284806251526,d5b_isolated_only_w2p0,isolated_target_only,,1.394904375076294,,,,2.266972303390503,0.5,0.0003,0.42585575580596924,,isolated_target_only,tiny_batch,100,3.094634771347046,1.0,1.6078321933746338,,,,,,,2.0
,0.03752361238002777,d5b_isolated_only_w2p0,isolated_target_only,,1.5774736404418945,,,,3.6210567951202393,0.5,0.0003,0.8534538745880127,,isolated_target_only,tiny_batch,110,3.2357401847839355,1.0,2.0042004585266113,,,,,,,2.0
,0.04488610476255417,d5b_isolated_only_w2p0,isolated_target_only,,1.7936891317367554,,,,1.8916410207748413,0.5,0.0003,1.1459475755691528,,isolated_target_only,tiny_batch,120,3.2867298126220703,1.0,2.3666629791259766,,,,,,,2.0
,0.04916022732853889,d5b_isolated_only_w2p0,isolated_target_only,,1.4481502930323282,1,,,2.283614692290624,0.5,0.0003,0.6552353013058504,,isolated_target_only,small_subset,,3.1476778093973796,1.0,1.7757679470380148,0.055315036326646805,,0.907439112663269,1.1415417194366455,0.46820518374443054,3.023954153060913,2.0
,0.047700083280603094,d5b_isolated_only_w2p0,isolated_target_only,,1.4465783727169037,2,,,1.9708332431316375,0.5,0.0003,0.4613750605781873,,isolated_target_only,small_subset,,3.149710046450297,1.0,1.6772659079233805,0.05344617739319801,,0.906136691570282,1.085624098777771,0.35897478461265564,3.0237109661102295,2.0
,0.04650438259045283,d5b_isolated_only_w2p0,isolated_target_only,,1.4449695654710133,3,,,1.5633502578735352,0.5,0.0003,0.2843749934931596,,isolated_target_only,small_subset,,3.1470977624257404,1.0,1.5871570654710134,0.05457861348986626,,0.9069935083389282,1.0044916868209839,0.19499631226062775,3.023955821990967,2.0
,0.04623698997000853,d5b_isolated_only_w2p0,isolated_target_only,,1.4459107033411662,4,,,1.3835331726074218,0.5,0.0003,0.2258982093135516,,isolated_target_only,small_subset,,3.145290296872457,1.0,1.5588598036766053,0.0538783073425293,,0.9063391089439392,1.00168776512146,0.1906972974538803,3.0232279300689697,2.0
,0.046198551456133524,d5b_isolated_only_w2p0,isolated_target_only,,1.4457984300454458,5,,,1.3501677477359773,0.5,0.0003,0.21321141188343365,,isolated_target_only,small_subset,,3.1463399998346966,1.0,1.552404134273529,0.05378028377890587,,0.9060930013656616,0.9975166916847229,0.18284738063812256,3.0229008197784424,2.0
,0.046395863741636276,d5b_isolated_only_w2p0,isolated_target_only,,1.4439667208989462,6,,,1.265223798553149,0.5,0.0003,0.19699508254726728,,isolated_target_only,small_subset,,3.1452003574371337,1.0,1.5424642598628997,0.054891157895326614,,0.9067224860191345,0.9863042831420898,0.15916354954242706,3.022467613220215,2.0
,0.0460864328344663,d5b_isolated_only_w2p0,isolated_target_only,,1.4439322757720947,7,,,1.1766433976093928,0.5,0.0003,0.18060387117167315,,isolated_target_only,small_subset,,3.1434395853678385,1.0,1.5342342086633047,0.054116588085889816,,0.905940592288971,0.9822392463684082,0.15259729325771332,3.021421432495117,2.0
,0.0461296529819568,d5b_isolated_only_w2p0,isolated_target_only,,1.4429788092772167,8,,,1.0873274898529053,0.5,0.0003,0.16043234882255394,,isolated_target_only,small_subset,,3.1456898419062296,1.0,1.5231949830055236,0.05466329678893089,,0.9065866470336914,0.9794983267784119,0.14582335948944092,3.0224692821502686,2.0
,0.13351492583751678,d5b_local_ratio_w2p0,peak_to_local_background_ratio,,1.5505266189575195,,,,1.8732197284698486,0.5,0.0003,5.697384834289551,,peak_to_local_background_ratio,tiny_batch,1,3.1771953105926514,1.0,4.399219036102295,,,,,,,2.0
,0.07327383011579514,d5b_local_ratio_w2p0,peak_to_local_background_ratio,,1.2888821363449097,,,,2.40531849861145,0.5,0.0003,4.0559844970703125,,peak_to_local_background_ratio,tiny_batch,10,3.0394933223724365,1.0,3.3168745040893555,,,,,,,2.0
,0.10637225955724716,d5b_local_ratio_w2p0,peak_to_local_background_ratio,,1.5201443433761597,,,,4.132308006286621,0.5,0.0003,4.986911296844482,,peak_to_local_background_ratio,tiny_batch,20,3.146923065185547,1.0,4.013599872589111,,,,,,,2.0
,0.0414334200322628,d5b_local_ratio_w2p0,peak_to_local_background_ratio,,1.3664958477020264,,,,2.517883539199829,0.5,0.0003,1.1339528560638428,,peak_to_local_background_ratio,tiny_batch,30,3.07122802734375,1.0,1.9334722757339478,,,,,,,2.0
,0.09675875306129456,d5b_local_ratio_w2p0,peak_to_local_background_ratio,,1.3574106693267822,,,,4.7571821212768555,0.5,0.0003,1.5563889741897583,,peak_to_local_background_ratio,tiny_batch,40,2.987391948699951,1.0,2.1356050968170166,,,,,,,2.0
,0.04873846098780632,d5b_local_ratio_w2p0,peak_to_local_background_ratio,,1.4437378644943237,,,,3.438007354736328,0.5,0.0003,0.8116849660873413,,peak_to_local_background_ratio,tiny_batch,50,3.0506978034973145,1.0,1.8495802879333496,,,,,,,2.0
,0.0406700037419796,d5b_local_ratio_w2p0,peak_to_local_background_ratio,,1.5385838747024536,,,,1.7809239625930786,0.5,0.0003,0.6785413026809692,,peak_to_local_background_ratio,tiny_batch,60,3.091407060623169,1.0,1.877854585647583,,,,,,,2.0
,0.0366596058011055,d5b_local_ratio_w2p0,peak_to_local_background_ratio,,1.4285013675689697,,,,1.5255838632583618,0.5,0.0003,0.48630091547966003,,peak_to_local_background_ratio,tiny_batch,70,3.073126792907715,1.0,1.671651840209961,,,,,,,2.0
,0.043058089911937714,d5b_local_ratio_w2p0,peak_to_local_background_ratio,,1.5377459526062012,,,,1.2633553743362427,0.5,0.0003,0.5559005737304688,,peak_to_local_background_ratio,tiny_batch,80,3.07716965675354,1.0,1.8156962394714355,,,,,,,2.0
,0.04524176940321922,d5b_local_ratio_w2p0,peak_to_local_background_ratio,,1.6978328227996826,,,,5.463058948516846,0.5,0.0003,0.8565866947174072,,peak_to_local_background_ratio,tiny_batch,90,3.1505050659179688,1.0,2.126126289367676,,,,,,,2.0
,0.04299316555261612,d5b_local_ratio_w2p0,peak_to_local_background_ratio,,1.6761584281921387,,,,1.2009398937225342,0.5,0.0003,0.6576135158538818,,peak_to_local_background_ratio,tiny_batch,100,3.175997257232666,1.0,2.004965305328369,,,,,,,2.0
,0.0449533611536026,d5b_local_ratio_w2p0,peak_to_local_background_ratio,,1.6308120489120483,,,,4.413015365600586,0.5,0.0003,1.0117954015731812,,peak_to_local_background_ratio,tiny_batch,110,3.160104274749756,1.0,2.136709690093994,,,,,,,2.0
,0.0477110855281353,d5b_local_ratio_w2p0,peak_to_local_background_ratio,,1.48894464969635,,,,1.4946715831756592,0.5,0.0003,0.5862791538238525,,peak_to_local_background_ratio,tiny_batch,120,3.0342586040496826,1.0,1.7820842266082764,,,,,,,2.0
,0.04929736077785492,d5b_local_ratio_w2p0,peak_to_local_background_ratio,,1.5599020838737487,1,,,2.439326868057251,0.5,0.0003,0.6451491433382034,,peak_to_local_background_ratio,small_subset,,3.1500379053751626,1.0,1.8824766564369202,0.05483037605881691,,0.9476861357688904,1.1637046337127686,0.4320370852947235,3.02327561378479,2.0
,0.04775211257239183,d5b_local_ratio_w2p0,peak_to_local_background_ratio,,1.5609662493069967,2,,,2.010846659739812,0.5,0.0003,0.4269091233611107,,peak_to_local_background_ratio,small_subset,,3.1465727345148724,1.0,1.7744208117326101,0.05446482449769974,,0.9473960399627686,1.0815244913101196,0.2682569622993469,3.0230929851531982,2.0
,0.0466419267654419,d5b_local_ratio_w2p0,peak_to_local_background_ratio,,1.5556185630957287,3,,,1.5666146755218506,0.5,0.0003,0.2635096774995327,,peak_to_local_background_ratio,small_subset,,3.1451704438527424,1.0,1.6873734025160472,0.05424528941512108,,0.947773814201355,1.0542041063308716,0.21286053955554962,3.02457332611084,2.0
,0.04648813168207804,d5b_local_ratio_w2p0,peak_to_local_background_ratio,,1.5584242157141368,4,,,1.4698418911298117,0.5,0.0003,0.23551895829538505,,peak_to_local_background_ratio,small_subset,,3.146575616200765,1.0,1.6761836886405945,0.05387317016720772,,0.9471510052680969,1.0437047481536865,0.19310759007930756,3.0235190391540527,2.0
,0.04633516823252042,d5b_local_ratio_w2p0,peak_to_local_background_ratio,,1.5561910307407378,5,,,1.340276692310969,0.5,0.0003,0.2155200199286143,,peak_to_local_background_ratio,small_subset,,3.1422758277257286,1.0,1.6639510464668275,0.05444890633225441,,0.9475016593933105,1.037957787513733,0.18091236054897308,3.02341890335083,2.0
,0.046323060244321826,d5b_local_ratio_w2p0,peak_to_local_background_ratio,,1.5555085786183676,6,,,1.3114540336529414,0.5,0.0003,0.20127015265325704,,peak_to_local_background_ratio,small_subset,,3.145264097849528,1.0,1.6561436541875203,0.0535176545381546,,0.946832001209259,1.0324647426605225,0.17126552760601044,3.023207902908325,2.0
,0.046118666927019755,d5b_local_ratio_w2p0,peak_to_local_background_ratio,,1.5542781907320022,7,,,1.2444907442728679,0.5,0.0003,0.18850049749016762,,peak_to_local_background_ratio,small_subset,,3.141345542271932,1.0,1.6485284392038981,0.05438131093978882,,0.9470967650413513,1.023323655128479,0.15245378017425537,3.0221190452575684,2.0
,0.04625340397159258,d5b_local_ratio_w2p0,peak_to_local_background_ratio,,1.555527042945226,8,,,1.1977811459700267,0.5,0.0003,0.17025889178117115,,peak_to_local_background_ratio,small_subset,,3.1447398710250853,1.0,1.6406564942995707,0.05404624715447426,,0.9470438361167908,1.016547679901123,0.139007568359375,3.022928237915039,2.0
,0.04845740646123886,d5b_range_unique_w2p0,range_bin_unique_distance,,1.2135694026947021,,,,2.1950485706329346,0.5,0.0003,6.222965717315674,,range_bin_unique_distance,tiny_batch,1,3.119503974914551,1.0,4.325052261352539,,,,,,,2.0
,0.044196926057338715,d5b_range_unique_w2p0,range_bin_unique_distance,,1.2131569385528564,,,,1.8482552766799927,0.5,0.0003,3.2247679233551025,,range_bin_unique_distance,tiny_batch,10,3.067150831222534,1.0,2.8255410194396973,,,,,,,2.0
,0.09770417958498001,d5b_range_unique_w2p0,range_bin_unique_distance,,1.5205326080322266,,,,1.8523310422897339,0.5,0.0003,1.7652946710586548,,range_bin_unique_distance,tiny_batch,20,3.036665916442871,1.0,2.403179883956909,,,,,,,2.0
,0.03779495134949684,d5b_range_unique_w2p0,range_bin_unique_distance,,1.2797249555587769,,,,3.7481541633605957,0.5,0.0003,2.3938090801239014,,range_bin_unique_distance,tiny_batch,30,3.1511847972869873,1.0,2.4766294956207275,,,,,,,2.0
,0.04009399563074112,d5b_range_unique_w2p0,range_bin_unique_distance,,1.3516261577606201,,,,3.3464879989624023,0.5,0.0003,1.608431100845337,,range_bin_unique_distance,tiny_batch,40,3.1193692684173584,1.0,2.155841827392578,,,,,,,2.0
,0.04295148327946663,d5b_range_unique_w2p0,range_bin_unique_distance,,1.3764009475708008,,,,3.896308660507202,0.5,0.0003,0.74198317527771,,range_bin_unique_distance,tiny_batch,50,3.019925832748413,1.0,1.7473925352096558,,,,,,,2.0
,0.04095324128866196,d5b_range_unique_w2p0,range_bin_unique_distance,,1.2361350059509277,,,,2.444993495941162,0.5,0.0003,0.6291272640228271,,range_bin_unique_distance,tiny_batch,60,2.862910270690918,1.0,1.5506986379623413,,,,,,,2.0
,0.04304414987564087,d5b_range_unique_w2p0,range_bin_unique_distance,,1.3411136865615845,,,,3.2377538681030273,0.5,0.0003,0.8191441297531128,,range_bin_unique_distance,tiny_batch,70,3.1189277172088623,1.0,1.750685691833496,,,,,,,2.0
,0.0405380055308342,d5b_range_unique_w2p0,range_bin_unique_distance,,1.483825445175171,,,,1.5440824031829834,0.5,0.0003,0.47648167610168457,,range_bin_unique_distance,tiny_batch,80,3.0473098754882812,1.0,1.7220662832260132,,,,,,,2.0
,0.05249909311532974,d5b_range_unique_w2p0,range_bin_unique_distance,,1.195083737373352,,,,1.753768801689148,0.5,0.0003,0.9698915481567383,,range_bin_unique_distance,tiny_batch,90,2.89980149269104,1.0,1.6800295114517212,,,,,,,2.0
,0.04217911139130592,d5b_range_unique_w2p0,range_bin_unique_distance,,1.6807628870010376,,,,2.6617743968963623,0.5,0.0003,0.7537555694580078,,range_bin_unique_distance,tiny_batch,100,3.168851852416992,1.0,2.057640552520752,,,,,,,2.0
,0.04345262423157692,d5b_range_unique_w2p0,range_bin_unique_distance,,1.4652018547058105,,,,2.9438185691833496,0.5,0.0003,0.8438953161239624,,range_bin_unique_distance,tiny_batch,110,3.1633493900299072,1.0,1.8871495723724365,,,,,,,2.0
,0.04563391953706741,d5b_range_unique_w2p0,range_bin_unique_distance,,1.225315809249878,,,,2.771900177001953,0.5,0.0003,0.6600745916366577,,range_bin_unique_distance,tiny_batch,120,2.9382593631744385,1.0,1.5553531646728516,,,,,,,2.0
,0.049136199007431665,d5b_range_unique_w2p0,range_bin_unique_distance,,1.5294266525904339,1,,,2.5114196932315824,0.5,0.0003,0.659123209118843,,range_bin_unique_distance,small_subset,,3.1498841683069867,1.0,1.858988250096639,0.05572289973497391,,0.9621317982673645,1.1921690702438354,0.46007463335990906,3.0241127014160156,2.0
,0.04769631370902062,d5b_range_unique_w2p0,range_bin_unique_distance,,1.5303221627076466,2,,,1.932282034556071,0.5,0.0003,0.4321046846111615,,range_bin_unique_distance,small_subset,,3.1514240725835165,1.0,1.746374503771464,0.05511023476719856,,0.9616201519966125,1.098708987236023,0.2741776406764984,3.0239832401275635,2.0
,0.04648666140933832,d5b_range_unique_w2p0,range_bin_unique_distance,,1.526778386235237,3,,,1.5959366905689238,0.5,0.0003,0.27822678953409197,,range_bin_unique_distance,small_subset,,3.1449001614252725,1.0,1.6658917800585429,0.05447172001004219,,0.9612385630607605,1.067447304725647,0.2124173939228058,3.0240936279296875,2.0
,0.046453359425067904,d5b_range_unique_w2p0,range_bin_unique_distance,,1.5253890836238861,4,,,1.4526160363356273,0.5,0.0003,0.23756058593591053,,range_bin_unique_distance,small_subset,,3.1452424732844033,1.0,1.6441693806648254,0.05492803454399109,,0.9613299369812012,1.0601249933242798,0.19759012758731842,3.0231518745422363,2.0
,0.046456782494982085,d5b_range_unique_w2p0,range_bin_unique_distance,,1.52604061126709,5,,,1.3842875782648723,0.5,0.0003,0.22112500935792923,,range_bin_unique_distance,small_subset,,3.1447599188486737,1.0,1.6366031114260355,0.053692448884248734,,0.960111141204834,1.0583857297897339,0.19654913246631622,3.0221903324127197,2.0
,0.04626381702721119,d5b_range_unique_w2p0,range_bin_unique_distance,,1.5272531600793202,6,,,1.3213144860665003,0.5,0.0003,0.20913632104794183,,range_bin_unique_distance,small_subset,,3.1441822385787965,1.0,1.631821319659551,0.05398503318428993,,0.9604248404502869,1.0543009042739868,0.18775205314159393,3.0226798057556152,2.0
,0.04636011024316152,d5b_range_unique_w2p0,range_bin_unique_distance,,1.526682255268097,7,,,1.2421011912822724,0.5,0.0003,0.19453503926595053,,range_bin_unique_distance,small_subset,,3.1447072474161786,1.0,1.6239497752984364,0.05443795025348663,,0.961195170879364,1.0440280437469482,0.1656656712293625,3.023817777633667,2.0
,0.046181071822841965,d5b_range_unique_w2p0,range_bin_unique_distance,,1.525523805220922,8,,,1.1567273598909378,0.5,0.0003,0.17957324599226315,,range_bin_unique_distance,small_subset,,3.146858412424723,1.0,1.6153104321161906,0.054992422461509705,,0.9610653519630432,1.0390772819519043,0.15602397918701172,3.022350549697876,2.0
